datetime,tempmax,tempmin,temp,day_month
2021-01-01,14.2,10.9,12.6,01-01
2021-01-02,15.6,6.2,10.8,02-01
2021-01-03,14.4,6.9,11.0,03-01
2021-01-04,15.8,10.3,13.0,04-01
2021-01-05,15.3,10.8,13.5,05-01
2021-01-06,14.3,7.3,11.3,06-01
2021-01-07,15.3,10.5,12.8,07-01
2021-01-08,17.6,11.8,14.5,08-01
2021-01-09,15.3,9.0,11.7,09-01
2021-01-10,9.8,7.9,8.8,10-01
2021-01-11,18.6,9.1,13.1,11-01
2021-01-12,17.1,9.2,13.1,12-01
2021-01-13,11.3,6.0,7.3,13-01
2021-01-14,6.0,4.2,5.0,14-01
2021-01-15,6.3,1.1,3.6,15-01
2021-01-16,5.6,0.4,2.6,16-01
2021-01-17,2.0,-1.8,0.2,17-01
2021-01-18,1.5,-3.9,-1.6,18-01
2021-01-19,2.4,-4.8,-1.4,19-01
2021-01-20,6.1,-4.2,2.0,20-01
2021-01-21,10.4,6.8,8.5,21-01
2021-01-22,13.7,9.7,11.5,22-01
2021-01-23,13.7,10.5,12.1,23-01
2021-01-24,13.8,10.5,12.1,24-01
2021-01-25,13.1,10.3,12.1,25-01
2021-01-26,14.2,10.1,12.5,26-01
2021-01-27,14.0,2.1,5.5,27-01
2021-01-28,5.0,1.0,2.9,28-01
2021-01-29,9.1,1.6,6.2,29-01
2021-01-30,10.8,7.3,9.0,30-01
2021-01-31,13.6,7.5,10.4,31-01
2021-02-01,17.0,9.7,13.9,01-02
2021-02-02,15.6,10.2,12.9,02-02
2021-02-03,14.7,9.3,12.0,03-02
2021-02-04,14.7,7.5,11.4,04-02
2021-02-05,15.6,7.9,11.5,05-02
2021-02-06,14.2,7.6,10.4,06-02
2021-02-07,15.6,7.3,11.5,07-02
2021-02-08,21.2,13.1,16.4,08-02
2021-02-09,17.1,13.3,15.0,09-02
2021-02-10,15.7,11.1,13.5,10-02
2021-02-11,18.1,11.9,14.4,11-02
2021-02-12,11.9,2.0,5.0,12-02
2021-02-13,2.7,-0.9,1.1,13-02
2021-02-14,1.0,-1.0,0.2,14-02
2021-02-15,2.4,0.1,1.2,15-02
2021-02-16,2.0,-1.0,0.5,16-02
2021-02-17,3.0,-1.0,0.6,17-02
2021-02-18,4.8,0.2,3.7,18-02
2021-02-19,4.2,2.8,3.6,19-02
2021-02-20,7.0,-1.2,3.0,20-02
2021-02-21,9.1,1.6,5.3,21-02
2021-02-22,9.9,-0.7,5.2,22-02
2021-02-23,12.5,1.3,6.5,23-02
2021-02-24,8.1,4.7,6.9,24-02
2021-02-25,10.4,6.7,8.0,25-02
2021-02-26,12.8,3.3,8.4,26-02
2021-02-27,12.8,2.4,7.9,27-02
2021-02-28,10.4,3.5,8.0,28-02
2021-03-01,9.6,1.3,5.7,01-03
2021-03-02,7.2,4.9,5.8,02-03
2021-03-03,9.7,0.4,5.6,03-03
2021-03-04,9.6,0.6,5.5,04-03
2021-03-05,15.8,4.0,10.4,05-03
2021-03-06,13.5,5.0,9.6,06-03
2021-03-07,6.8,3.9,5.4,07-03
2021-03-08,9.2,-0.7,5.0,08-03
2021-03-09,12.6,2.4,7.6,09-03
2021-03-10,12.8,6.5,9.0,10-03
2021-03-11,8.1,4.9,6.5,11-03
2021-03-12,8.3,1.2,5.6,12-03
2021-03-13,12.6,3.3,8.5,13-03
2021-03-14,15.6,5.1,10.2,14-03
2021-03-15,17.9,7.2,12.4,15-03
2021-03-16,12.3,8.0,10.2,16-03
2021-03-17,8.8,5.4,7.1,17-03
2021-03-18,9.0,5.1,7.0,18-03
2021-03-19,9.9,6.1,7.8,19-03
2021-03-20,11.3,5.9,8.0,20-03
2021-03-21,6.9,6.0,6.6,21-03
2021-03-22,12.4,6.3,8.3,22-03
2021-03-23,6.6,4.9,5.9,23-03
2021-03-24,5.5,2.0,4.0,24-03
2021-03-25,6.8,1.3,3.9,25-03
2021-03-26,8.6,2.1,5.9,26-03
2021-03-27,12.4,6.2,8.9,27-03
2021-03-28,14.6,3.3,9.1,28-03
2021-03-29,12.3,8.8,10.1,29-03
2021-03-30,8.8,4.2,7.0,30-03
2021-03-31,9.5,6.7,8.0,31-03
2021-04-01,10.2,5.1,7.5,01-04
2021-04-02,13.6,3.6,9.0,02-04
2021-04-03,19.4,11.0,14.4,03-04
2021-04-04,14.4,9.0,11.8,04-04
2021-04-05,8.9,6.9,7.9,05-04
2021-04-06,19.0,8.0,12.4,06-04
2021-04-07,19.4,9.8,14.6,07-04
2021-04-08,9.8,4.1,6.5,08-04
2021-04-09,9.9,3.9,6.9,09-04
2021-04-10,11.6,1.1,7.1,10-04
2021-04-11,12.5,2.1,7.7,11-04
2021-04-12,13.4,8.1,10.3,12-04
2021-04-13,16.7,6.4,12.4,13-04
2021-04-14,19.7,11.3,15.0,14-04
2021-04-15,14.7,9.1,11.7,15-04
2021-04-16,13.6,8.9,11.0,16-04
2021-04-17,14.2,9.9,11.2,17-04
2021-04-18,13.1,9.9,11.1,18-04
2021-04-19,14.1,10.0,11.3,19-04
2021-04-20,15.7,10.9,12.5,20-04
2021-04-21,16.7,8.7,12.7,21-04
2021-04-22,18.3,9.7,13.6,22-04
2021-04-23,18.2,11.3,15.2,23-04
2021-04-24,17.0,11.9,13.9,24-04
2021-04-25,12.4,9.9,11.1,25-04
2021-04-26,16.0,8.9,12.1,26-04
2021-04-27,18.6,7.8,13.3,27-04
2021-04-28,19.6,10.7,15.1,28-04
2021-04-29,20.1,11.0,15.0,29-04
2021-04-30,22.6,11.1,17.2,30-04
2021-05-01,26.3,14.1,20.5,01-05
2021-05-02,28.7,18.4,22.5,02-05
2021-05-03,24.8,17.5,21.6,03-05
2021-05-04,22.3,15.8,19.0,04-05
2021-05-05,20.9,13.8,17.2,05-05
2021-05-06,21.0,14.2,17.5,06-05
2021-05-07,25.1,14.1,20.4,07-05
2021-05-08,22.5,14.6,18.0,08-05
2021-05-09,17.5,11.7,14.6,09-05
2021-05-10,17.2,10.5,13.7,10-05
2021-05-11,18.1,10.4,14.3,11-05
2021-05-12,19.7,10.6,15.3,12-05
2021-05-13,21.2,11.0,17.0,13-05
2021-05-14,26.1,15.4,19.8,14-05
2021-05-15,23.0,14.3,19.5,15-05
2021-05-16,22.2,16.0,18.9,16-05
2021-05-17,22.6,15.0,18.5,17-05
2021-05-18,22.4,15.0,18.7,18-05
2021-05-19,27.0,14.7,20.5,19-05
2021-05-20,25.0,17.8,21.2,20-05
2021-05-21,17.9,13.2,15.5,21-05
2021-05-22,18.9,13.1,15.9,22-05
2021-05-23,23.0,12.2,18.0,23-05
2021-05-24,25.9,14.9,20.0,24-05
2021-05-25,24.4,17.6,20.3,25-05
2021-05-26,23.4,15.7,19.0,26-05
2021-05-27,20.5,16.7,18.2,27-05
2021-05-28,20.5,16.7,18.7,28-05
2021-05-29,19.1,16.1,17.7,29-05
2021-05-30,24.5,14.1,19.3,30-05
2021-05-31,19.8,16.7,18.4,31-05
2021-06-01,18.7,14.0,16.5,01-06
2021-06-02,16.8,13.1,14.9,02-06
2021-06-03,18.8,13.6,16.6,03-06
2021-06-04,21.0,13.7,17.7,04-06
2021-06-05,21.2,12.0,17.7,05-06
2021-06-06,24.4,14.9,19.8,06-06
2021-06-07,24.1,17.5,20.6,07-06
2021-06-08,24.2,18.7,21.0,08-06
2021-06-09,25.8,16.6,21.6,09-06
2021-06-10,26.7,18.5,21.9,10-06
2021-06-11,26.0,18.0,22.2,11-06
2021-06-12,25.4,18.5,22.1,12-06
2021-06-13,24.7,17.8,21.5,13-06
2021-06-14,19.9,16.2,18.5,14-06
2021-06-15,19.9,14.0,17.4,15-06
2021-06-16,20.5,16.0,17.7,16-06
2021-06-17,23.0,16.1,19.8,17-06
2021-06-18,23.2,17.9,20.4,18-06
2021-06-19,23.1,18.2,20.7,19-06
2021-06-20,24.7,18.7,21.8,20-06
2021-06-21,25.0,19.1,21.9,21-06
2021-06-22,26.1,19.0,23.0,22-06
2021-06-23,25.9,20.7,23.2,23-06
2021-06-24,26.6,18.9,23.3,24-06
2021-06-25,28.7,21.8,25.0,25-06
2021-06-26,27.8,22.1,25.5,26-06
2021-06-27,30.0,22.7,26.0,27-06
2021-06-28,29.8,22.8,25.9,28-06
2021-06-29,29.7,22.6,26.0,29-06
2021-06-30,31.2,20.8,26.1,30-06
2021-07-01,32.2,20.7,27.0,01-07
2021-07-02,28.7,24.6,26.7,02-07
2021-07-03,27.2,22.9,24.8,03-07
2021-07-04,26.0,19.9,23.5,04-07
2021-07-05,28.0,22.6,25.3,05-07
2021-07-06,24.6,20.8,22.7,06-07
2021-07-07,27.3,21.1,24.0,07-07
2021-07-08,27.1,22.0,24.3,08-07
2021-07-09,29.6,22.8,25.6,09-07
2021-07-10,29.9,21.8,25.7,10-07
2021-07-11,30.3,22.7,26.1,11-07
2021-07-12,29.5,22.9,26.1,12-07
2021-07-13,31.6,22.6,26.9,13-07
2021-07-14,29.4,23.5,26.0,14-07
2021-07-15,31.9,23.6,27.6,15-07
2021-07-16,31.7,23.7,27.7,16-07
2021-07-17,31.2,24.7,27.5,17-07
2021-07-18,31.3,24.9,27.8,18-07
2021-07-19,29.6,25.8,27.5,19-07
2021-07-20,30.0,25.0,27.3,20-07
2021-07-21,30.4,24.8,27.3,21-07
2021-07-22,26.8,23.0,24.9,22-07
2021-07-23,27.5,20.8,24.8,23-07
2021-07-24,26.7,21.5,24.2,24-07
2021-07-25,28.4,22.7,25.2,25-07
2021-07-26,29.5,22.0,26.1,26-07
2021-07-27,31.0,21.8,26.5,27-07
2021-07-28,32.5,23.8,28.0,28-07
2021-07-29,33.3,24.4,28.6,29-07
2021-07-30,34.4,23.4,28.8,30-07
2021-07-31,33.5,23.9,29.3,31-07
2021-08-01,32.7,24.8,29.3,01-08
2021-08-02,34.6,22.6,29.0,02-08
2021-08-03,33.3,24.0,29.0,03-08
2021-08-04,33.6,24.1,28.4,04-08
2021-08-05,34.1,23.9,29.1,05-08
2021-08-06,34.0,25.6,29.5,06-08
2021-08-07,28.7,24.1,26.5,07-08
2021-08-08,29.4,22.1,26.0,08-08
2021-08-09,28.5,20.7,25.1,09-08
2021-08-10,29.3,20.6,25.9,10-08
2021-08-11,30.0,22.7,26.5,11-08
2021-08-12,31.2,22.6,26.7,12-08
2021-08-13,29.4,23.7,26.3,13-08
2021-08-14,28.6,22.6,25.5,14-08
2021-08-15,28.5,22.4,25.3,15-08
2021-08-16,29.3,19.9,25.1,16-08
2021-08-17,30.3,22.4,26.1,17-08
2021-08-18,30.4,23.4,26.6,18-08
2021-08-19,28.4,22.7,25.2,19-08
2021-08-20,27.6,21.6,24.4,20-08
2021-08-21,27.7,20.4,24.4,21-08
2021-08-22,27.6,22.5,25.2,22-08
2021-08-23,28.5,23.4,25.6,23-08
2021-08-24,29.2,22.5,25.6,24-08
2021-08-25,29.8,22.7,25.8,25-08
2021-08-26,28.6,20.9,25.5,26-08
2021-08-27,31.3,23.7,27.2,27-08
2021-08-28,32.0,23.8,27.7,28-08
2021-08-29,29.1,24.5,26.8,29-08
2021-08-30,27.8,22.8,25.4,30-08
2021-08-31,28.6,23.7,25.8,31-08
2021-09-01,28.6,20.0,24.9,01-09
2021-09-02,25.7,20.2,22.9,02-09
2021-09-03,23.7,18.0,20.7,03-09
2021-09-04,25.4,15.9,21.1,04-09
2021-09-05,25.7,18.1,22.4,05-09
2021-09-06,25.3,19.8,22.5,06-09
2021-09-07,22.9,18.7,20.9,07-09
2021-09-08,24.4,18.5,21.0,08-09
2021-09-09,24.4,19.4,21.5,09-09
2021-09-10,22.6,18.0,20.4,10-09
2021-09-11,23.1,16.1,19.8,11-09
2021-09-12,25.4,14.1,20.3,12-09
2021-09-13,25.5,16.9,21.5,13-09
2021-09-14,25.5,17.1,21.8,14-09
2021-09-15,25.3,18.8,22.2,15-09
2021-09-16,26.4,19.0,22.5,16-09
2021-09-17,26.5,16.8,22.3,17-09
2021-09-18,29.4,21.1,24.6,18-09
2021-09-19,26.4,19.3,23.1,19-09
2021-09-20,29.3,20.2,24.7,20-09
2021-09-21,23.2,18.0,21.1,21-09
2021-09-22,19.8,16.1,18.2,22-09
2021-09-23,16.5,13.0,14.6,23-09
2021-09-24,19.7,13.0,16.7,24-09
2021-09-25,22.5,18.0,20.1,25-09
2021-09-26,25.0,14.8,20.1,26-09
2021-09-27,23.6,16.8,20.3,27-09
2021-09-28,21.5,17.1,19.2,28-09
2021-09-29,21.5,16.9,18.5,29-09
2021-09-30,20.6,15.8,17.7,30-09
2021-10-01,19.1,14.1,15.9,01-10
2021-10-02,17.0,13.9,15.6,02-10
2021-10-03,20.7,11.3,16.6,03-10
2021-10-04,20.6,13.8,17.4,04-10
2021-10-05,19.8,14.8,17.0,05-10
2021-10-06,18.0,13.1,16.2,06-10
2021-10-07,19.8,14.6,16.7,07-10
2021-10-08,20.3,13.0,17.2,08-10
2021-10-09,18.1,16.0,17.1,09-10
2021-10-10,17.0,15.9,16.4,10-10
2021-10-11,22.9,16.8,18.4,11-10
2021-10-12,21.8,14.9,17.4,12-10
2021-10-13,16.7,13.0,14.7,13-10
2021-10-14,20.6,13.7,16.7,14-10
2021-10-15,22.0,15.8,18.1,15-10
2021-10-16,22.1,16.1,18.6,16-10
2021-10-17,16.6,13.9,14.7,17-10
2021-10-18,16.0,13.2,14.7,18-10
2021-10-19,17.6,11.5,14.8,19-10
2021-10-20,17.6,9.3,13.9,20-10
2021-10-21,17.6,8.2,13.7,21-10
2021-10-22,19.4,14.8,16.8,22-10
2021-10-23,19.6,11.9,15.9,23-10
2021-10-24,14.6,11.9,13.3,24-10
2021-10-25,14.7,10.6,12.8,25-10
2021-10-26,16.1,10.5,13.0,26-10
2021-10-27,15.9,11.6,13.7,27-10
2021-10-28,15.7,12.8,14.2,28-10
2021-10-29,15.8,11.4,13.7,29-10
2021-10-30,17.7,13.7,15.0,30-10
2021-10-31,17.7,11.7,14.5,31-10
2021-11-01,15.9,13.7,14.4,01-11
2021-11-02,17.5,13.8,15.2,02-11
2021-11-03,20.4,15.0,17.2,03-11
2021-11-04,22.6,13.8,17.6,04-11
2021-11-05,20.0,12.6,15.7,05-11
2021-11-06,16.6,12.8,14.4,06-11
2021-11-07,16.7,14.8,15.3,07-11
2021-11-08,17.4,12.3,14.8,08-11
2021-11-09,17.0,11.0,14.9,09-11
2021-11-10,12.6,9.9,11.0,10-11
2021-11-11,13.9,9.5,11.0,11-11
2021-11-12,15.2,8.8,11.5,12-11
2021-11-13,14.7,5.4,10.7,13-11
2021-11-14,16.2,6.1,11.2,14-11
2021-11-15,15.7,10.7,13.1,15-11
2021-11-16,14.0,11.8,12.8,16-11
2021-11-17,12.0,10.8,11.2,17-11
2021-11-18,12.0,10.8,11.4,18-11
2021-11-19,11.5,8.9,10.1,19-11
2021-11-20,12.8,4.8,9.2,20-11
2021-11-21,15.3,6.2,10.2,21-11
2021-11-22,16.5,7.3,13.2,22-11
2021-11-23,15.4,11.9,13.9,23-11
2021-11-24,11.8,10.0,11.2,24-11
2021-11-25,12.1,9.7,10.7,25-11
2021-11-26,15.6,6.3,11.5,26-11
2021-11-27,17.9,13.4,15.9,27-11
2021-11-28,17.6,13.1,15.9,28-11
2021-11-29,22.1,13.8,17.7,29-11
2021-11-30,15.7,6.3,11.8,30-11
2021-12-01,11.8,5.3,8.7,01-12
2021-12-02,14.3,9.9,12.2,02-12
2021-12-03,18.1,12.9,15.2,03-12
2021-12-04,15.1,10.1,13.3,04-12
2021-12-05,14.5,10.1,11.7,05-12
2021-12-06,18.7,10.9,14.7,06-12
2021-12-07,18.2,11.9,14.3,07-12
2021-12-08,12.4,8.8,10.3,08-12
2021-12-09,15.2,8.9,11.8,09-12
2021-12-10,18.5,10.8,14.6,10-12
2021-12-11,17.6,11.8,14.6,11-12
2021-12-12,17.1,11.8,14.2,12-12
2021-12-13,12.7,9.2,11.1,13-12
2021-12-14,12.6,9.0,10.6,14-12
2021-12-15,8.9,5.0,6.3,15-12
2021-12-16,6.0,4.1,5.0,16-12
2021-12-17,6.0,4.2,4.9,17-12
2021-12-18,6.8,4.8,5.8,18-12
2021-12-19,7.5,1.0,5.2,19-12
2021-12-20,7.8,0.3,5.6,20-12
2021-12-21,6.7,0.6,4.0,21-12
2021-12-22,5.1,-0.6,2.6,22-12
2021-12-23,4.5,-1.3,1.7,23-12
2021-12-24,8.8,-0.7,5.0,24-12
2021-12-25,12.4,8.1,10.1,25-12
2021-12-26,14.2,11.0,12.3,26-12
2021-12-27,15.7,11.7,13.6,27-12
2021-12-28,15.3,12.9,13.8,28-12
2021-12-29,13.1,10.0,11.7,29-12
2021-12-30,13.8,9.9,12.1,30-12
2021-12-31,9.9,8.0,8.9,31-12
2022-01-01,10.3,6.9,8.9,01-01
2022-01-02,11.5,8.1,9.8,02-01
2022-01-03,12.3,7.1,10.0,03-01
2022-01-04,13.6,9.0,11.3,04-01
2022-01-05,15.9,10.4,12.9,05-01
2022-01-06,16.7,12.2,14.3,06-01
2022-01-07,12.2,8.4,10.4,07-01
2022-01-08,11.6,9.1,10.2,08-01
2022-01-09,12.9,8.0,9.9,09-01
2022-01-10,11.7,9.7,10.5,10-01
2022-01-11,9.9,7.0,9.0,11-01
2022-01-12,6.1,1.3,3.3,12-01
2022-01-13,2.1,1.0,1.8,13-01
2022-01-14,5.0,-1.3,2.5,14-01
2022-01-15,8.3,1.7,5.2,15-01
2022-01-16,6.9,-1.4,3.3,16-01
2022-01-17,8.9,-0.7,5.7,17-01
2022-01-18,9.0,2.7,5.8,18-01
2022-01-19,3.3,-1.6,1.6,19-01
2022-01-20,8.1,1.7,5.2,20-01
2022-01-21,10.3,1.6,6.6,21-01
2022-01-22,2.0,-0.7,0.8,22-01
2022-01-23,2.0,-1.8,-0.5,23-01
2022-01-24,0.9,-2.8,-0.7,24-01
2022-01-25,0.2,-3.3,-0.5,25-01
2022-01-26,1.8,-7.7,-0.7,26-01
2022-01-27,4.8,1.0,3.1,27-01
2022-01-28,6.9,3.1,5.0,28-01
2022-01-29,7.6,3.9,6.3,29-01
2022-01-30,7.8,-1.5,4.0,30-01
2022-01-31,9.2,3.2,6.5,31-01
2022-02-01,9.7,4.0,7.2,01-02
2022-02-02,10.1,5.3,7.7,02-02
2022-02-03,6.0,2.3,4.3,03-02
2022-02-04,6.6,1.9,4.6,04-02
2022-02-05,8.0,0.1,5.2,05-02
2022-02-06,10.5,5.3,7.5,06-02
2022-02-07,12.8,4.1,9.5,07-02
2022-02-08,10.8,3.9,6.1,08-02
2022-02-09,7.6,4.0,5.4,09-02
2022-02-10,9.8,1.0,5.8,10-02
2022-02-11,11.2,0.4,6.0,11-02
2022-02-12,12.2,1.3,6.9,12-02
2022-02-13,7.9,6.0,6.9,13-02
2022-02-14,7.9,5.0,6.2,14-02
2022-02-15,9.6,-0.5,4.8,15-02
2022-02-16,13.1,2.0,7.2,16-02
2022-02-17,13.9,3.5,8.9,17-02
2022-02-18,10.8,5.8,9.2,18-02
2022-02-19,11.4,1.3,6.2,19-02
2022-02-20,12.9,3.5,9.7,20-02
2022-02-21,15.1,9.1,11.8,21-02
2022-02-22,16.7,9.8,13.1,22-02
2022-02-23,11.3,7.1,9.1,23-02
2022-02-24,7.1,5.8,6.2,24-02
2022-02-25,7.8,6.6,7.1,25-02
2022-02-26,10.3,4.9,8.1,26-02
2022-02-27,9.2,6.9,7.7,27-02
2022-02-28,7.0,4.0,5.8,28-02
2022-03-01,4.5,2.6,3.6,01-03
2022-03-02,6.3,2.2,4.0,02-03
2022-03-03,6.6,2.9,4.1,03-03
2022-03-04,9.6,3.9,7.0,04-03
2022-03-05,9.8,2.7,6.9,05-03
2022-03-06,8.7,6.0,7.2,06-03
2022-03-07,6.8,5.0,5.7,07-03
2022-03-08,5.1,3.9,4.5,08-03
2022-03-09,6.1,3.0,4.1,09-03
2022-03-10,3.8,0.1,1.5,10-03
2022-03-11,0.9,-2.9,-0.6,11-03
2022-03-12,0.0,-4.0,-1.8,12-03
2022-03-13,3.4,-1.0,0.9,13-03
2022-03-14,5.2,-3.7,1.6,14-03
2022-03-15,7.3,0.2,4.0,15-03
2022-03-16,7.5,2.8,5.3,16-03
2022-03-17,9.7,2.9,5.6,17-03
2022-03-18,3.0,-0.9,1.0,18-03
2022-03-19,3.5,-2.7,0.8,19-03
2022-03-20,5.9,0.0,3.4,20-03
2022-03-21,7.7,3.5,5.1,21-03
2022-03-22,7.0,3.6,5.2,22-03
2022-03-23,8.3,4.6,6.2,23-03
2022-03-24,10.3,2.0,6.2,24-03
2022-03-25,12.6,5.4,8.9,25-03
2022-03-26,9.4,4.2,7.0,26-03
2022-03-27,14.8,5.7,9.6,27-03
2022-03-28,16.3,4.4,10.5,28-03
2022-03-29,18.2,9.0,12.7,29-03
2022-03-30,19.0,9.3,13.8,30-03
2022-03-31,17.7,10.2,14.1,31-03
2022-04-01,24.3,12.1,18.1,01-04
2022-04-02,19.7,12.5,16.7,02-04
2022-04-03,16.0,11.1,13.5,03-04
2022-04-04,12.5,7.2,9.9,04-04
2022-04-05,11.9,8.1,10.0,05-04
2022-04-06,16.0,3.3,10.2,06-04
2022-04-07,20.3,5.9,12.3,07-04
2022-04-08,17.4,11.5,14.3,08-04
2022-04-09,23.2,9.7,16.2,09-04
2022-04-10,22.9,11.8,17.2,10-04
2022-04-11,12.7,7.0,8.6,11-04
2022-04-12,11.9,7.3,9.7,12-04
2022-04-13,12.9,4.4,9.8,13-04
2022-04-14,15.4,5.3,11.3,14-04
2022-04-15,18.4,8.2,13.8,15-04
2022-04-16,19.3,9.4,14.4,16-04
2022-04-17,15.0,10.0,12.0,17-04
2022-04-18,10.0,7.1,8.3,18-04
2022-04-19,8.1,6.2,7.2,19-04
2022-04-20,15.4,3.6,9.6,20-04
2022-04-21,13.5,8.2,11.2,21-04
2022-04-22,20.8,10.3,15.4,22-04
2022-04-23,23.0,14.4,18.1,23-04
2022-04-24,22.4,11.5,17.4,24-04
2022-04-25,19.9,11.3,16.0,25-04
2022-04-26,21.5,12.4,17.4,26-04
2022-04-27,20.9,12.1,16.2,27-04
2022-04-28,19.6,11.1,14.8,28-04
2022-04-29,18.3,12.0,14.7,29-04
2022-04-30,13.7,12.0,12.8,30-04
2022-05-01,16.8,12.0,13.8,01-05
2022-05-02,16.8,11.9,14.1,02-05
2022-05-03,12.8,11.1,11.8,03-05
2022-05-04,14.5,10.1,11.8,04-05
2022-05-05,16.7,7.3,12.2,05-05
2022-05-06,17.3,8.5,13.8,06-05
2022-05-07,16.8,11.0,13.7,07-05
2022-05-08,17.6,10.9,13.8,08-05
2022-05-09,17.0,10.9,13.7,09-05
2022-05-10,17.9,10.8,14.3,10-05
2022-05-11,19.5,11.8,15.6,11-05
2022-05-12,22.7,10.1,17.0,12-05
2022-05-13,22.8,13.0,18.9,13-05
2022-05-14,23.7,15.1,19.4,14-05
2022-05-15,22.5,15.0,18.7,15-05
2022-05-16,22.2,15.9,19.2,16-05
2022-05-17,23.7,14.0,19.9,17-05
2022-05-18,23.4,10.6,16.9,18-05
2022-05-19,16.3,9.2,13.3,19-05
2022-05-20,20.7,9.2,16.0,20-05
2022-05-21,20.7,10.3,17.1,21-05
2022-05-22,23.9,12.3,18.4,22-05
2022-05-23,21.5,16.0,18.9,23-05
2022-05-24,23.0,15.7,19.8,24-05
2022-05-25,24.5,16.9,20.8,25-05
2022-05-26,25.2,17.1,21.8,26-05
2022-05-27,25.8,18.9,22.7,27-05
2022-05-28,27.1,17.3,23.0,28-05
2022-05-29,30.2,19.1,25.3,29-05
2022-05-30,28.2,21.1,24.8,30-05
2022-05-31,27.3,19.9,23.4,31-05
2022-06-01,27.0,18.1,22.8,01-06
2022-06-02,25.7,19.7,22.1,02-06
2022-06-03,26.4,19.0,22.3,03-06
2022-06-04,26.1,20.0,22.2,04-06
2022-06-05,25.5,19.0,22.1,05-06
2022-06-06,25.6,18.1,22.0,06-06
2022-06-07,22.6,18.0,19.7,07-06
2022-06-08,22.6,16.2,20.0,08-06
2022-06-09,26.1,16.1,21.3,09-06
2022-06-10,27.9,20.1,24.1,10-06
2022-06-11,24.0,20.9,22.1,11-06
2022-06-12,23.0,18.9,20.4,12-06
2022-06-13,25.1,20.0,22.0,13-06
2022-06-14,27.4,18.1,22.8,14-06
2022-06-15,25.0,20.0,22.2,15-06
2022-06-16,25.0,18.8,22.0,16-06
2022-06-17,25.2,19.0,22.0,17-06
2022-06-18,25.3,19.7,22.2,18-06
2022-06-19,25.2,19.7,22.2,19-06
2022-06-20,24.7,19.7,22.0,20-06
2022-06-21,25.2,19.9,22.3,21-06
2022-06-22,27.5,22.0,24.9,22-06
2022-06-23,26.6,20.0,23.7,23-06
2022-06-24,26.6,18.0,23.3,24-06
2022-06-25,27.1,20.8,23.5,25-06
2022-06-26,26.3,19.7,22.7,26-06
2022-06-27,27.5,19.0,23.2,27-06
2022-06-28,26.1,20.8,23.6,28-06
2022-06-29,26.4,20.9,23.4,29-06
2022-06-30,27.1,20.6,23.7,30-06
2022-07-01,28.8,20.8,24.4,01-07
2022-07-02,28.7,21.8,25.1,02-07
2022-07-03,27.9,21.7,24.4,03-07
2022-07-04,27.1,19.7,23.5,04-07
2022-07-05,27.9,20.6,24.1,05-07
2022-07-06,28.2,20.8,24.8,06-07
2022-07-07,29.1,21.8,25.5,07-07
2022-07-08,28.3,22.3,24.8,08-07
2022-07-09,28.6,22.0,25.1,09-07
2022-07-10,25.8,18.5,21.0,10-07
2022-07-11,26.8,18.4,22.9,11-07
2022-07-12,27.0,19.2,23.7,12-07
2022-07-13,27.1,19.2,23.5,13-07
2022-07-14,27.7,18.3,24.0,14-07
2022-07-15,27.8,21.8,24.7,15-07
2022-07-16,29.1,21.0,25.1,16-07
2022-07-17,30.2,22.0,25.9,17-07
2022-07-18,27.5,22.0,24.6,18-07
2022-07-19,26.7,19.9,23.3,19-07
2022-07-20,27.0,21.0,24.0,20-07
2022-07-21,29.1,18.3,24.2,21-07
2022-07-22,29.0,19.3,24.7,22-07
2022-07-23,29.4,20.1,25.5,23-07
2022-07-24,30.0,20.4,26.0,24-07
2022-07-25,29.6,22.9,26.1,25-07
2022-07-26,30.2,21.2,26.2,26-07
2022-07-27,30.4,20.4,26.4,27-07
2022-07-28,29.1,23.0,25.9,28-07
2022-07-29,29.4,23.9,26.0,29-07
2022-07-30,29.6,23.9,26.5,30-07
2022-07-31,30.3,24.2,27.2,31-07
2022-08-01,29.9,23.4,26.9,01-08
2022-08-02,29.7,21.2,25.6,02-08
2022-08-03,29.3,22.8,25.8,03-08
2022-08-04,29.0,23.9,26.0,04-08
2022-08-05,29.9,23.1,26.4,05-08
2022-08-06,29.6,23.9,26.3,06-08
2022-08-07,29.9,24.0,26.8,07-08
2022-08-08,30.5,24.1,27.2,08-08
2022-08-09,31.2,25.0,27.8,09-08
2022-08-10,29.6,23.9,26.3,10-08
2022-08-11,27.0,22.3,24.4,11-08
2022-08-12,28.9,20.3,24.8,12-08
2022-08-13,29.5,23.0,25.8,13-08
2022-08-14,29.1,22.4,25.9,14-08
2022-08-15,25.2,18.9,23.0,15-08
2022-08-16,29.5,21.2,25.1,16-08
2022-08-17,28.9,22.3,26.3,17-08
2022-08-18,32.3,22.2,26.8,18-08
2022-08-19,30.6,23.8,26.8,19-08
2022-08-20,28.9,23.5,26.1,20-08
2022-08-21,30.6,23.6,26.6,21-08
2022-08-22,30.7,24.9,27.2,22-08
2022-08-23,30.6,25.9,27.6,23-08
2022-08-24,29.8,22.1,27.2,24-08
2022-08-25,26.5,20.7,22.6,25-08
2022-08-26,28.7,20.4,24.3,26-08
2022-08-27,27.9,22.2,25.2,27-08
2022-08-28,30.5,21.7,26.1,28-08
2022-08-29,30.7,24.0,26.9,29-08
2022-08-30,30.3,25.0,27.3,30-08
2022-08-31,28.1,24.4,26.0,31-08
2022-09-01,28.5,22.3,25.8,01-09
2022-09-02,30.4,24.0,26.7,02-09
2022-09-03,28.2,23.2,25.4,03-09
2022-09-04,25.1,22.1,23.2,04-09
2022-09-05,24.1,20.0,22.1,05-09
2022-09-06,23.5,18.9,21.5,06-09
2022-09-07,24.8,20.0,22.4,07-09
2022-09-08,26.5,19.0,22.2,08-09
2022-09-09,25.8,18.2,22.5,09-09
2022-09-10,27.3,18.7,23.5,10-09
2022-09-11,27.0,21.1,24.2,11-09
2022-09-12,23.1,19.3,21.5,12-09
2022-09-13,23.6,18.6,20.8,13-09
2022-09-14,24.9,16.2,21.1,14-09
2022-09-15,27.4,19.0,23.3,15-09
2022-09-16,31.0,22.0,25.7,16-09
2022-09-17,31.1,21.9,26.2,17-09
2022-09-18,27.7,20.8,23.4,18-09
2022-09-19,22.9,18.1,20.1,19-09
2022-09-20,20.7,16.8,18.8,20-09
2022-09-21,21.8,14.9,18.4,21-09
2022-09-22,18.4,13.3,14.9,22-09
2022-09-23,17.8,12.3,15.2,23-09
2022-09-24,20.2,11.9,16.3,24-09
2022-09-25,21.9,13.0,18.2,25-09
2022-09-26,24.4,14.0,19.1,26-09
2022-09-27,24.8,17.3,22.0,27-09
2022-09-28,25.6,22.4,23.6,28-09
2022-09-29,28.2,20.9,24.0,29-09
2022-09-30,29.8,19.3,24.1,30-09
2022-10-01,28.0,19.2,23.6,01-10
2022-10-02,25.8,19.5,22.6,02-10
2022-10-03,21.9,15.3,19.0,03-10
2022-10-04,19.5,15.3,17.8,04-10
2022-10-05,19.5,14.1,16.8,05-10
2022-10-06,20.5,16.1,18.2,06-10
2022-10-07,21.3,16.4,18.7,07-10
2022-10-08,20.4,18.1,19.2,08-10
2022-10-09,20.3,15.3,17.8,09-10
2022-10-10,22.2,13.8,17.8,10-10
2022-10-11,21.4,16.0,18.1,11-10
2022-10-12,19.9,15.3,17.8,12-10
2022-10-13,21.2,17.0,18.5,13-10
2022-10-14,19.8,14.8,17.5,14-10
2022-10-15,17.1,16.0,16.5,15-10
2022-10-16,18.7,16.1,17.2,16-10
2022-10-17,19.6,15.8,17.5,17-10
2022-10-18,18.2,16.3,17.4,18-10
2022-10-19,17.8,14.5,16.5,19-10
2022-10-20,18.2,11.2,14.6,20-10
2022-10-21,16.5,9.9,13.4,21-10
2022-10-22,17.7,8.6,13.3,22-10
2022-10-23,19.8,13.5,16.7,23-10
2022-10-24,20.6,11.8,16.3,24-10
2022-10-25,21.1,11.8,16.5,25-10
2022-10-26,21.0,13.0,16.7,26-10
2022-10-27,20.2,13.6,16.4,27-10
2022-10-28,19.1,13.9,16.2,28-10
2022-10-29,18.4,11.7,15.0,29-10
2022-10-30,18.2,10.7,14.3,30-10
2022-10-31,18.8,10.7,14.5,31-10
2022-11-01,18.8,11.1,15.0,01-11
2022-11-02,18.3,9.5,13.9,02-11
2022-11-03,19.6,11.7,15.4,03-11
2022-11-04,18.5,12.7,15.2,04-11
2022-11-05,24.3,12.0,17.1,05-11
2022-11-06,22.5,13.9,17.6,06-11
2022-11-07,16.8,13.8,15.7,07-11
2022-11-08,16.7,9.9,13.1,08-11
2022-11-09,16.2,9.7,13.0,09-11
2022-11-10,16.5,8.8,12.4,10-11
2022-11-11,17.0,8.9,13.1,11-11
2022-11-12,17.8,13.7,15.3,12-11
2022-11-13,17.1,12.8,14.8,13-11
2022-11-14,16.1,13.1,14.4,14-11
2022-11-15,15.8,11.9,13.9,15-11
2022-11-16,15.8,10.5,13.5,16-11
2022-11-17,18.7,15.1,16.6,17-11
2022-11-18,19.7,17.0,17.9,18-11
2022-11-19,21.7,17.4,19.4,19-11
2022-11-20,21.6,18.0,19.7,20-11
2022-11-21,22.6,15.4,19.3,21-11
2022-11-22,15.8,10.8,13.5,22-11
2022-11-23,19.6,13.5,15.8,23-11
2022-11-24,15.0,12.8,13.8,24-11
2022-11-25,12.1,10.8,11.2,25-11
2022-11-26,11.5,7.9,9.3,26-11
2022-11-27,11.4,6.9,9.2,27-11
2022-11-28,13.8,9.3,11.8,28-11
2022-11-29,14.7,10.8,12.9,29-11
2022-11-30,15.0,12.8,13.9,30-11
2022-12-01,14.9,12.0,13.4,01-12
2022-12-02,12.1,10.5,11.2,02-12
2022-12-03,11.7,9.9,10.5,03-12
2022-12-04,11.7,9.9,10.7,04-12
2022-12-05,12.7,10.8,11.6,05-12
2022-12-06,12.7,10.1,11.5,06-12
2022-12-07,13.1,9.0,11.2,07-12
2022-12-08,15.6,9.8,12.7,08-12
2022-12-09,17.0,13.0,14.8,09-12
2022-12-10,17.3,13.8,15.8,10-12
2022-12-11,20.1,15.1,16.9,11-12
2022-12-12,16.3,12.3,14.9,12-12
2022-12-13,14.8,5.1,8.6,13-12
2022-12-14,11.6,6.8,9.1,14-12
2022-12-15,17.1,7.7,13.2,15-12
2022-12-16,19.6,12.1,15.6,16-12
2022-12-17,19.1,13.7,16.1,17-12
2022-12-18,15.9,10.0,12.3,18-12
2022-12-19,9.1,5.9,7.3,19-12
2022-12-20,9.7,4.6,7.3,20-12
2022-12-21,10.6,6.0,8.5,21-12
2022-12-22,12.8,4.2,7.9,22-12
2022-12-23,12.0,6.8,9.6,23-12
2022-12-24,12.5,7.5,10.2,24-12
2022-12-25,12.7,9.0,10.9,25-12
2022-12-26,11.8,6.9,9.3,26-12
2022-12-27,13.2,7.0,10.8,27-12
2022-12-28,12.3,8.9,10.7,28-12
2022-12-29,12.0,6.9,9.0,29-12
2022-12-30,12.5,7.4,10.4,30-12
2022-12-31,13.5,7.3,10.3,31-12
2023-01-01,12.1,6.8,8.8,01-01
2023-01-02,11.8,5.3,7.9,02-01
2023-01-03,11.5,4.9,8.4,03-01
2023-01-04,10.8,7.6,9.5,04-01
2023-01-05,12.7,9.1,10.6,05-01
2023-01-06,13.0,9.7,11.0,06-01
2023-01-07,12.0,5.9,9.0,07-01
2023-01-08,11.4,4.9,8.0,08-01
2023-01-09,11.3,4.0,8.0,09-01
2023-01-10,14.3,8.6,11.5,10-01
2023-01-11,12.7,11.0,12.0,11-01
2023-01-12,13.1,8.3,10.4,12-01
2023-01-13,10.6,8.1,9.2,13-01
2023-01-14,10.6,9.0,9.9,14-01
2023-01-15,11.3,7.9,9.4,15-01
2023-01-16,11.4,5.9,8.7,16-01
2023-01-17,15.5,10.4,13.2,17-01
2023-01-18,18.2,14.3,15.8,18-01
2023-01-19,18.9,14.1,16.1,19-01
2023-01-20,19.0,9.1,13.3,20-01
2023-01-21,17.5,10.6,13.3,21-01
2023-01-22,15.9,8.9,12.2,22-01
2023-01-23,11.0,9.8,10.2,23-01
2023-01-24,9.4,6.1,8.3,24-01
2023-01-25,7.0,4.5,5.7,25-01
2023-01-26,10.8,5.9,8.3,26-01
2023-01-27,14.1,9.3,11.5,27-01
2023-01-28,10.9,4.1,7.5,28-01
2023-01-29,5.0,3.1,4.2,29-01
2023-01-30,4.1,2.9,3.5,30-01
2023-01-31,5.5,0.7,3.0,31-01
2023-02-01,7.3,2.0,4.3,01-02
2023-02-02,9.9,7.7,8.4,02-02
2023-02-03,8.2,3.2,5.4,03-02
2023-02-04,5.9,2.2,5.4,04-02
2023-02-05,5.8,1.1,3.4,05-02
2023-02-06,4.9,0.4,2.6,06-02
2023-02-07,3.1,0.3,1.7,07-02
2023-02-08,2.8,-0.7,1.3,08-02
2023-02-09,5.6,2.0,3.7,09-02
2023-02-10,6.6,2.9,4.3,10-02
2023-02-11,6.6,2.1,4.2,11-02
2023-02-12,6.8,-0.2,3.2,12-02
2023-02-13,7.8,3.0,5.6,13-02
2023-02-14,7.9,0.8,4.3,14-02
2023-02-15,7.3,3.0,5.7,15-02
2023-02-16,8.3,1.5,5.4,16-02
2023-02-17,11.5,6.2,8.5,17-02
2023-02-18,14.0,8.3,10.9,18-02
2023-02-19,16.1,10.4,12.6,19-02
2023-02-20,12.8,6.8,10.3,20-02
2023-02-21,14.9,5.9,10.1,21-02
2023-02-22,15.1,9.2,11.6,22-02
2023-02-23,13.0,6.8,9.5,23-02
2023-02-24,10.0,5.9,8.1,24-02
2023-02-25,16.5,7.0,11.9,25-02
2023-02-26,18.0,11.9,14.8,26-02
2023-02-27,20.0,13.9,16.5,27-02
2023-02-28,13.8,8.9,10.3,28-02
2023-03-01,9.3,8.1,8.7,01-03
2023-03-02,8.5,6.9,7.8,02-03
2023-03-03,9.5,7.7,8.5,03-03
2023-03-04,10.9,8.9,9.6,04-03
2023-03-05,12.5,7.9,9.8,05-03
2023-03-06,12.6,7.8,9.5,06-03
2023-03-07,14.9,8.2,11.8,07-03
2023-03-08,15.6,11.3,12.7,08-03
2023-03-09,16.5,11.1,13.4,09-03
2023-03-10,17.9,12.1,14.5,10-03
2023-03-11,16.5,12.2,14.2,11-03
2023-03-12,12.4,7.9,9.7,12-03
2023-03-13,8.9,6.8,7.8,13-03
2023-03-14,10.3,5.8,7.9,14-03
2023-03-15,16.1,4.8,10.0,15-03
2023-03-16,12.5,9.1,11.0,16-03
2023-03-17,9.1,7.0,7.7,17-03
2023-03-18,8.1,7.0,7.3,18-03
2023-03-19,9.1,8.0,8.7,19-03
2023-03-20,11.9,6.3,9.5,20-03
2023-03-21,14.4,6.8,10.7,21-03
2023-03-22,11.1,8.9,9.6,22-03
2023-03-23,11.5,8.1,9.7,23-03
2023-03-24,13.3,6.2,9.9,24-03
2023-03-25,12.5,6.8,9.8,25-03
2023-03-26,14.2,8.9,11.4,26-03
2023-03-27,20.7,8.6,14.9,27-03
2023-03-28,15.4,6.0,9.3,28-03
2023-03-29,7.0,3.0,4.8,29-03
2023-03-30,8.8,2.7,6.1,30-03
2023-03-31,13.6,6.2,9.9,31-03
2023-04-01,19.4,10.7,14.9,01-04
2023-04-02,16.9,12.1,14.1,02-04
2023-04-03,18.0,12.1,14.5,03-04
2023-04-04,14.9,11.2,12.8,04-04
2023-04-05,12.1,6.7,8.4,05-04
2023-04-06,13.7,8.0,10.1,06-04
2023-04-07,11.0,8.0,9.5,07-04
2023-04-08,14.2,6.7,10.1,08-04
2023-04-09,13.1,9.1,10.7,09-04
2023-04-10,10.0,9.0,9.7,10-04
2023-04-11,11.2,9.0,9.7,11-04
2023-04-12,11.5,9.1,10.3,12-04
2023-04-13,17.4,10.1,13.2,13-04
2023-04-14,22.1,11.7,16.4,14-04
2023-04-15,21.7,14.1,17.9,15-04
2023-04-16,21.6,13.2,17.4,16-04
2023-04-17,18.4,12.0,15.0,17-04
2023-04-18,15.2,10.9,12.3,18-04
2023-04-19,14.9,10.0,12.4,19-04
2023-04-20,15.0,10.9,12.7,20-04
2023-04-21,16.5,12.0,13.7,21-04
2023-04-22,17.6,10.7,14.1,22-04
2023-04-23,15.1,10.0,12.2,23-04
2023-04-24,15.9,8.8,12.4,24-04
2023-04-25,20.9,10.9,15.6,25-04
2023-04-26,17.4,13.0,14.8,26-04
2023-04-27,13.1,9.8,11.3,27-04
2023-04-28,13.6,8.0,11.2,28-04
2023-04-29,14.2,10.0,11.8,29-04
2023-04-30,17.0,9.5,13.3,30-04
2023-05-01,18.7,10.9,15.0,01-05
2023-05-02,19.9,11.2,15.9,02-05
2023-05-03,20.8,12.7,16.2,03-05
2023-05-04,18.9,12.2,14.7,04-05
2023-05-05,14.6,12.2,13.3,05-05
2023-05-06,15.7,11.9,13.7,06-05
2023-05-07,17.6,12.9,14.6,07-05
2023-05-08,18.0,11.0,14.2,08-05
2023-05-09,15.7,12.1,13.6,09-05
2023-05-10,15.3,11.9,13.2,10-05
2023-05-11,14.6,11.9,13.0,11-05
2023-05-12,13.5,11.8,12.6,12-05
2023-05-13,17.1,10.0,14.1,13-05
2023-05-14,18.7,10.4,15.0,14-05
2023-05-15,22.6,14.7,18.4,15-05
2023-05-16,26.4,15.0,20.4,16-05
2023-05-17,20.5,15.0,16.9,17-05
2023-05-18,15.8,13.9,14.6,18-05
2023-05-19,16.6,14.1,15.4,19-05
2023-05-20,19.5,14.2,16.6,20-05
2023-05-21,20.8,14.0,16.8,21-05
2023-05-22,20.0,15.1,17.5,22-05
2023-05-23,19.6,15.1,16.9,23-05
2023-05-24,19.4,14.1,17.0,24-05
2023-05-25,20.6,14.1,17.7,25-05
2023-05-26,23.2,14.9,18.7,26-05
2023-05-27,21.5,16.6,18.9,27-05
2023-05-28,19.4,17.1,18.1,28-05
2023-05-29,20.4,17.1,18.6,29-05
2023-05-30,23.0,17.9,19.8,30-05
2023-05-31,24.6,17.0,20.4,31-05
2023-06-01,25.0,15.8,20.7,01-06
2023-06-02,25.7,16.8,21.4,02-06
2023-06-03,23.2,18.5,20.5,03-06
2023-06-04,20.4,17.4,19.1,04-06
2023-06-05,23.1,17.0,19.4,05-06
2023-06-06,23.3,16.9,20.1,06-06
2023-06-07,23.4,16.9,20.0,07-06
2023-06-08,23.7,18.7,20.7,08-06
2023-06-09,22.8,18.9,20.6,09-06
2023-06-10,23.2,16.8,20.4,10-06
2023-06-11,26.1,16.7,21.4,11-06
2023-06-12,23.3,18.6,20.6,12-06
2023-06-13,22.5,17.9,20.0,13-06
2023-06-14,23.4,18.2,20.5,14-06
2023-06-15,26.2,17.9,21.9,15-06
2023-06-16,27.0,19.7,23.1,16-06
2023-06-17,26.1,19.9,22.5,17-06
2023-06-18,25.5,20.1,22.7,18-06
2023-06-19,25.4,21.0,23.0,19-06
2023-06-20,25.5,19.8,22.5,20-06
2023-06-21,25.8,18.7,22.6,21-06
2023-06-22,28.6,20.3,23.8,22-06
2023-06-23,28.9,20.5,24.8,23-06
2023-06-24,30.4,20.6,25.2,24-06
2023-06-25,27.9,19.8,24.0,25-06
2023-06-26,25.9,20.4,23.4,26-06
2023-06-27,29.1,21.7,25.3,27-06
2023-06-28,27.8,20.8,24.9,28-06
2023-06-29,23.8,19.0,21.6,29-06
2023-06-30,26.2,17.6,22.2,30-06
2023-07-01,28.8,18.8,24.2,01-07
2023-07-02,30.2,20.4,25.3,02-07
2023-07-03,29.9,22.9,26.4,03-07
2023-07-04,30.7,22.7,26.3,04-07
2023-07-05,28.9,22.9,25.7,05-07
2023-07-06,30.8,23.8,26.9,06-07
2023-07-07,31.1,22.4,26.9,07-07
2023-07-08,26.9,21.9,24.5,08-07
2023-07-09,26.7,20.3,23.1,09-07
2023-07-10,27.9,18.4,24.1,10-07
2023-07-11,28.3,21.7,25.3,11-07
2023-07-12,30.0,23.3,26.8,12-07
2023-07-13,32.5,22.7,28.2,13-07
2023-07-14,33.6,24.6,29.2,14-07
2023-07-15,31.6,24.7,28.0,15-07
2023-07-16,29.8,22.7,26.0,16-07
2023-07-17,29.7,22.6,26.0,17-07
2023-07-18,29.6,22.3,26.0,18-07
2023-07-19,30.5,21.7,26.0,19-07
2023-07-20,30.9,23.3,27.6,20-07
2023-07-21,32.0,23.7,27.8,21-07
2023-07-22,32.2,23.8,27.6,22-07
2023-07-23,34.2,25.9,29.2,23-07
2023-07-24,30.2,24.8,27.2,24-07
2023-07-25,31.5,22.5,27.0,25-07
2023-07-26,38.0,24.4,30.7,26-07
2023-07-27,31.6,21.2,26.0,27-07
2023-07-28,26.9,19.7,23.2,28-07
2023-07-29,28.4,19.6,24.2,29-07
2023-07-30,28.4,20.4,24.5,30-07
2023-07-31,28.4,20.7,24.7,31-07
2023-08-01,28.3,21.7,25.3,01-08
2023-08-02,28.8,21.6,25.7,02-08
2023-08-03,34.2,23.7,28.9,03-08
2023-08-04,35.5,26.5,30.5,04-08
2023-08-05,32.1,24.6,27.6,05-08
2023-08-06,33.6,23.7,28.4,06-08
2023-08-07,30.8,24.1,27.2,07-08
2023-08-08,28.6,23.1,25.2,08-08
2023-08-09,24.9,22.1,23.6,09-08
2023-08-10,26.5,22.7,24.3,10-08
2023-08-11,28.0,22.0,24.3,11-08
2023-08-12,29.1,20.0,25.0,12-08
2023-08-13,27.8,23.8,25.5,13-08
2023-08-14,28.2,24.9,26.2,14-08
2023-08-15,27.6,24.8,26.0,15-08
2023-08-16,28.3,24.2,25.8,16-08
2023-08-17,30.8,24.8,27.2,17-08
2023-08-18,30.1,24.8,26.9,18-08
2023-08-19,30.1,24.9,27.0,19-08
2023-08-20,31.8,23.8,27.4,20-08
2023-08-21,33.3,23.8,27.3,21-08
2023-08-22,34.2,23.9,28.2,22-08
2023-08-23,32.0,24.0,27.8,23-08
2023-08-24,30.9,24.6,27.1,24-08
2023-08-25,31.4,23.7,27.0,25-08
2023-08-26,31.3,23.8,27.3,26-08
2023-08-27,28.7,23.9,26.0,27-08
2023-08-28,29.5,21.8,25.9,28-08
2023-08-29,31.6,22.7,27.0,29-08
2023-08-30,31.0,22.7,26.6,30-08
2023-08-31,31.4,23.8,27.4,31-08
2023-09-01,30.0,23.0,26.4,01-09
2023-09-02,29.9,23.8,26.5,02-09
2023-09-03,29.2,23.6,26.0,03-09
2023-09-04,28.5,20.9,24.8,04-09
2023-09-05,28.0,22.4,25.0,05-09
2023-09-06,28.3,23.9,25.3,06-09
2023-09-07,28.3,23.8,25.5,07-09
2023-09-08,28.1,23.1,25.2,08-09
2023-09-09,26.7,20.6,23.7,09-09
2023-09-10,26.8,19.6,23.3,10-09
2023-09-11,25.0,19.7,22.3,11-09
2023-09-12,26.3,18.7,22.3,12-09
2023-09-13,27.1,18.5,22.4,13-09
2023-09-14,28.7,17.0,22.4,14-09
2023-09-15,27.3,17.4,22.2,15-09
2023-09-16,27.3,19.5,23.2,16-09
2023-09-17,27.4,20.8,23.6,17-09
2023-09-18,25.5,19.6,22.3,18-09
2023-09-19,26.5,19.6,22.6,19-09
2023-09-20,26.8,17.5,21.5,20-09
2023-09-21,26.8,17.6,21.6,21-09
2023-09-22,23.5,19.7,21.5,22-09
2023-09-23,25.9,21.9,23.4,23-09
2023-09-24,26.8,21.2,23.2,24-09
2023-09-25,24.4,21.1,22.5,25-09
2023-09-26,25.2,20.5,22.4,26-09
2023-09-27,23.8,20.2,21.5,27-09
2018-04-07,14.5,10.3,12.1,07-04
2018-04-08,13.3,9.9,11.5,08-04
2018-04-09,15.2,9.0,12.0,09-04
2018-04-10,16.0,8.1,12.3,10-04
2018-04-11,18.3,10.3,14.1,11-04
2018-04-12,19.8,12.9,16.2,12-04
2018-04-13,20.5,9.6,14.1,13-04
2018-04-14,14.9,8.9,11.2,14-04
2018-04-15,18.7,10.6,13.7,15-04
2018-04-16,19.3,9.4,13.4,16-04
2018-04-17,17.0,10.5,12.9,17-04
2018-04-18,15.1,10.8,12.7,18-04
2018-04-19,20.8,8.9,14.7,19-04
2018-04-20,15.9,11.5,13.6,20-04
2018-04-21,19.2,8.0,13.4,21-04
2018-04-22,18.5,9.7,14.4,22-04
2018-04-23,21.3,11.3,16.8,23-04
2018-04-24,25.2,12.9,19.0,24-04
2018-04-25,24.6,14.7,19.6,25-04
2018-04-26,26.2,15.0,21.0,26-04
2018-04-27,26.3,16.8,21.2,27-04
2018-04-28,23.1,15.3,18.7,28-04
2018-04-29,20.6,13.9,16.6,29-04
2018-04-30,19.9,13.8,16.1,30-04
2018-05-01,19.1,12.4,15.0,01-05
2018-05-02,19.0,13.0,15.3,02-05
2018-05-03,23.4,12.9,16.8,03-05
2018-05-04,20.5,13.8,16.1,04-05
2018-05-05,18.0,13.9,15.4,05-05
2018-05-06,17.4,14.3,15.6,06-05
2018-05-07,17.8,15.0,16.2,07-05
2018-05-08,20.7,15.0,17.8,08-05
2018-05-09,19.5,15.7,17.3,09-05
2018-05-10,21.4,15.9,18.2,10-05
2018-05-11,19.9,16.0,17.8,11-05
2018-05-12,19.2,14.6,17.1,12-05
2018-05-13,18.4,10.7,15.8,13-05
2018-05-14,23.0,12.9,18.3,14-05
2018-05-15,26.8,16.0,22.0,15-05
2018-05-16,28.4,18.4,23.7,16-05
2018-05-17,26.8,20.3,24.0,17-05
2018-05-18,27.4,19.9,23.6,18-05
2018-05-19,27.1,20.1,22.9,19-05
2018-05-20,23.6,18.8,20.9,20-05
2018-05-21,23.7,17.6,20.3,21-05
2018-05-22,21.3,18.7,19.8,22-05
2018-05-23,22.4,18.9,20.5,23-05
2018-05-24,25.2,18.7,21.8,24-05
2018-05-25,23.9,19.7,21.4,25-05
2018-05-26,26.5,19.9,22.5,26-05
2018-05-27,22.1,18.7,20.4,27-05
2018-05-28,22.7,18.0,20.3,28-05
2018-05-29,22.0,18.8,20.1,29-05
2018-05-30,24.7,18.0,21.3,30-05
2018-05-31,25.1,17.5,21.3,31-05
2018-06-01,27.2,18.6,22.2,01-06
2018-06-02,24.7,19.5,21.7,02-06
2018-06-03,22.8,16.5,20.3,03-06
2018-06-04,24.9,16.2,21.3,04-06
2018-06-05,25.7,20.1,23.3,05-06
2018-06-06,29.0,20.8,25.1,06-06
2018-06-07,28.7,22.0,25.3,07-06
2018-06-08,28.1,21.5,24.6,08-06
2018-06-09,30.1,20.3,25.2,09-06
2018-06-10,26.9,21.4,24.0,10-06
2018-06-11,27.7,21.5,24.1,11-06
2018-06-12,27.5,19.6,23.8,12-06
2018-06-13,28.2,19.3,23.3,13-06
2018-06-14,27.0,19.5,23.6,14-06
2018-06-15,30.9,21.4,26.0,15-06
2018-06-16,30.3,20.5,25.1,16-06
2018-06-17,23.0,20.0,21.6,17-06
2018-06-18,26.6,19.8,23.2,18-06
2018-06-19,27.6,20.2,24.4,19-06
2018-06-20,28.7,22.4,25.4,20-06
2018-06-21,29.2,22.2,25.2,21-06
2018-06-22,26.8,22.5,24.5,22-06
2018-06-23,27.1,20.0,23.2,23-06
2018-06-24,24.2,20.3,22.0,24-06
2018-06-25,25.4,20.6,22.7,25-06
2018-06-26,27.0,21.6,24.3,26-06
2018-06-27,27.5,21.3,23.9,27-06
2018-06-28,28.0,20.2,23.0,28-06
2018-06-29,26.0,20.0,23.0,29-06
2018-06-30,26.8,21.5,24.2,30-06
2018-07-01,27.8,22.4,25.0,01-07
2018-07-02,29.2,20.6,25.9,02-07
2018-07-03,31.1,22.2,27.4,03-07
2018-07-04,31.2,24.6,28.2,04-07
2018-07-05,31.2,22.8,27.3,05-07
2018-07-06,28.1,22.9,25.7,06-07
2018-07-07,29.8,22.5,26.2,07-07
2018-07-08,29.1,23.4,26.2,08-07
2018-07-09,28.8,23.1,26.1,09-07
2018-07-10,29.3,23.6,26.6,10-07
2018-07-11,29.6,23.6,26.7,11-07
2018-07-12,30.4,23.7,26.9,12-07
2018-07-13,31.4,23.5,27.2,13-07
2018-07-14,29.8,24.2,27.0,14-07
2018-07-15,30.3,22.7,26.9,15-07
2018-07-16,30.2,22.1,26.5,16-07
2018-07-17,31.6,23.0,27.0,17-07
2018-07-18,28.2,24.0,25.8,18-07
2018-07-19,28.5,23.5,25.8,19-07
2018-07-20,29.6,23.6,26.5,20-07
2018-07-21,29.4,23.5,26.8,21-07
2018-07-22,30.3,24.4,27.4,22-07
2018-07-23,33.0,24.4,28.5,23-07
2018-07-24,25.9,19.9,23.1,24-07
2018-07-25,26.8,21.7,24.2,25-07
2018-07-26,28.2,22.2,25.6,26-07
2018-07-27,28.6,22.4,25.6,27-07
2018-07-28,28.1,22.9,26.0,28-07
2018-07-29,30.1,22.5,26.4,29-07
2018-07-30,30.1,23.8,27.1,30-07
2018-07-31,30.5,24.9,27.4,31-07
2018-08-01,30.8,25.3,27.8,01-08
2018-08-02,31.5,25.4,28.2,02-08
2018-08-03,31.2,24.7,27.8,03-08
2018-08-04,31.3,24.7,28.2,04-08
2018-08-05,31.6,24.5,28.0,05-08
2018-08-06,30.6,24.4,27.6,06-08
2018-08-07,31.0,24.2,27.8,07-08
2018-08-08,31.3,24.5,27.9,08-08
2018-08-09,30.8,24.9,27.8,09-08
2018-08-10,30.7,24.7,27.7,10-08
2018-08-11,28.7,24.4,26.3,11-08
2018-08-12,29.4,22.8,25.7,12-08
2018-08-13,29.0,22.7,25.8,13-08
2018-08-14,30.8,21.3,25.9,14-08
2018-08-15,30.6,23.5,27.0,15-08
2018-08-16,30.0,23.4,26.5,16-08
2018-08-17,29.0,24.5,26.2,17-08
2018-08-18,31.3,23.7,27.3,18-08
2018-08-19,32.6,24.6,28.2,19-08
2018-08-20,30.0,24.5,26.9,20-08
2018-08-21,29.7,22.3,26.2,21-08
2018-08-22,30.1,23.5,26.6,22-08
2018-08-23,31.2,23.4,27.1,23-08
2018-08-24,29.0,23.6,26.6,24-08
2018-08-25,30.8,24.5,27.0,25-08
2018-08-26,28.8,22.3,26.0,26-08
2018-08-27,30.0,23.3,26.6,27-08
2018-08-28,30.9,24.6,27.4,28-08
2018-08-29,29.9,25.1,27.0,29-08
2018-08-30,29.1,23.2,26.2,30-08
2018-08-31,31.4,24.3,27.4,31-08
2018-09-01,31.6,24.5,27.4,01-09
2018-09-02,31.4,24.7,27.6,02-09
2018-09-03,30.9,24.6,27.3,03-09
2018-09-04,28.9,23.0,26.1,04-09
2018-09-05,29.4,21.8,25.8,05-09
2018-09-06,25.2,21.6,22.9,06-09
2018-09-07,27.1,20.9,24.0,07-09
2018-09-08,27.5,22.5,24.7,08-09
2018-09-09,27.0,20.8,23.7,09-09
2018-09-10,25.7,19.0,22.4,10-09
2018-09-11,24.6,18.3,21.4,11-09
2018-09-12,24.4,17.6,21.4,12-09
2018-09-13,27.0,20.1,23.3,13-09
2018-09-14,23.3,18.5,20.7,14-09
2018-09-15,25.7,19.5,23.1,15-09
2018-09-16,27.5,21.7,24.2,16-09
2018-09-17,26.9,21.6,23.6,17-09
2018-09-18,24.4,20.3,22.3,18-09
2018-09-19,25.3,19.5,22.1,19-09
2018-09-20,25.5,17.9,22.1,20-09
2018-09-21,27.3,20.8,23.4,21-09
2018-09-22,26.9,20.3,23.2,22-09
2018-09-23,25.9,18.7,22.4,23-09
2018-09-24,25.6,17.5,22.2,24-09
2018-09-25,22.1,14.9,16.9,25-09
2018-09-26,16.7,14.1,15.1,26-09
2018-09-27,18.6,15.4,17.0,27-09
2018-09-28,21.4,16.9,18.9,28-09
2018-09-29,23.7,17.7,20.6,29-09
2018-09-30,21.1,19.2,20.1,30-09
2018-10-01,25.3,18.7,21.1,01-10
2018-10-02,23.1,17.8,20.0,02-10
2018-10-03,23.2,18.0,20.5,03-10
2018-10-04,19.6,16.5,18.5,04-10
2018-10-05,21.6,13.2,17.8,05-10
2018-10-06,21.3,16.3,18.4,06-10
2018-10-07,22.5,16.3,18.9,07-10
2018-10-08,22.0,13.1,18.2,08-10
2018-10-09,20.0,17.4,18.6,09-10
2018-10-10,22.2,14.1,18.5,10-10
2018-10-11,20.2,16.1,18.0,11-10
2018-10-12,21.8,15.2,19.0,12-10
2018-10-13,20.4,17.9,19.0,13-10
2018-10-14,20.6,17.9,18.9,14-10
2018-10-15,20.1,17.8,18.8,15-10
2018-10-16,21.6,16.2,18.9,16-10
2018-10-17,20.6,17.5,19.0,17-10
2018-10-18,21.8,18.0,19.3,18-10
2018-10-19,21.7,17.7,19.3,19-10
2018-10-20,21.1,15.6,18.3,20-10
2018-10-21,19.3,16.0,17.5,21-10
2018-10-22,19.8,15.2,17.6,22-10
2018-10-23,20.0,16.5,17.9,23-10
2018-10-24,19.4,14.8,17.3,24-10
2018-10-25,17.8,8.1,11.6,25-10
2018-10-26,16.7,9.4,13.8,26-10
2018-10-27,19.8,14.2,16.9,27-10
2018-10-28,21.3,15.4,18.3,28-10
2018-10-29,21.2,14.5,17.9,29-10
2018-10-30,20.4,13.0,16.8,30-10
2018-10-31,21.1,14.5,17.6,31-10
2018-11-01,22.5,13.3,17.2,01-11
2018-11-02,19.5,16.6,17.6,02-11
2018-11-03,19.5,15.7,17.4,03-11
2018-11-04,20.4,15.9,17.7,04-11
2018-11-05,19.0,15.7,17.1,05-11
2018-11-06,18.2,15.1,16.4,06-11
2018-11-07,17.8,14.8,16.1,07-11
2018-11-08,18.0,13.5,15.5,08-11
2018-11-09,17.0,12.5,15.0,09-11
2018-11-10,17.9,13.8,15.7,10-11
2018-11-11,19.3,12.3,15.7,11-11
2018-11-12,17.9,13.6,15.3,12-11
2018-11-13,14.4,11.6,13.0,13-11
2018-11-14,12.4,10.0,11.2,14-11
2018-11-15,11.1,8.8,9.7,15-11
2018-11-16,10.5,7.7,9.0,16-11
2018-11-17,13.4,7.9,10.5,17-11
2018-11-18,12.9,10.7,11.8,18-11
2018-11-19,17.6,10.9,14.8,19-11
2018-11-20,13.0,10.0,11.9,20-11
2018-11-21,17.1,11.5,14.5,21-11
2018-11-22,13.9,10.0,12.2,22-11
2018-11-23,11.8,9.8,10.7,23-11
2018-11-24,11.7,9.7,10.7,24-11
2018-11-25,13.0,9.3,10.9,25-11
2018-11-26,15.1,10.5,12.9,26-11
2018-11-27,18.1,15.6,16.8,27-11
2018-11-28,17.1,8.3,12.8,28-11
2018-11-29,8.4,6.4,7.6,29-11
2018-11-30,8.1,4.3,6.4,30-11
2018-12-01,6.7,3.3,4.8,01-12
2018-12-02,11.8,5.7,8.9,02-12
2018-12-03,14.1,8.8,11.1,03-12
2018-12-04,12.6,10.7,11.8,04-12
2018-12-05,12.7,7.6,10.6,05-12
2018-12-06,7.6,5.5,6.6,06-12
2018-12-07,6.4,3.3,5.2,07-12
2018-12-08,9.7,1.6,6.3,08-12
2018-12-09,13.9,8.5,11.1,09-12
2018-12-10,12.3,9.2,10.6,10-12
2018-12-11,8.3,5.9,7.2,11-12
2018-12-12,6.8,2.8,5.2,12-12
2018-12-13,8.6,3.8,6.8,13-12
2018-12-14,10.8,6.8,8.7,14-12
2018-12-15,16.3,10.0,12.9,15-12
2018-12-16,15.0,12.1,13.6,16-12
2018-12-17,11.7,8.5,10.2,17-12
2018-12-18,10.5,8.1,9.1,18-12
2018-12-19,8.1,2.0,4.2,19-12
2018-12-20,5.3,2.1,3.7,20-12
2018-12-21,8.0,4.9,6.9,21-12
2018-12-22,10.3,6.3,8.4,22-12
2018-12-23,11.1,9.7,10.5,23-12
2018-12-24,13.2,7.2,10.6,24-12
2018-12-25,13.2,3.6,6.3,25-12
2018-12-26,5.5,1.3,3.5,26-12
2018-12-27,6.7,0.7,4.0,27-12
2018-12-28,8.4,2.5,5.8,28-12
2018-12-29,7.0,5.9,6.6,29-12
2018-12-30,7.1,5.2,6.0,30-12
2018-12-31,8.9,3.9,6.4,31-12
2019-01-01,8.7,4.5,6.4,01-01
2019-01-02,6.8,5.8,6.3,02-01
2019-01-03,7.2,4.7,5.9,03-01
2019-01-04,5.3,2.9,3.7,04-01
2019-01-05,4.6,2.9,3.5,05-01
2019-01-06,4.0,1.3,3.0,06-01
2019-01-07,2.8,0.6,1.6,07-01
2019-01-08,2.3,-1.3,0.3,08-01
2019-01-09,6.8,-1.2,3.7,09-01
2019-01-10,12.6,6.6,10.8,10-01
2019-01-11,12.2,6.6,9.3,11-01
2019-01-12,5.8,3.7,4.7,12-01
2019-01-13,5.1,2.9,4.0,13-01
2019-01-14,8.4,3.6,6.3,14-01
2019-01-15,7.8,2.4,5.2,15-01
2019-01-16,5.9,0.4,3.4,16-01
2019-01-17,9.4,4.9,7.1,17-01
2019-01-18,11.6,6.1,9.0,18-01
2019-01-19,12.4,7.9,9.6,19-01
2019-01-20,13.2,6.8,10.1,20-01
2019-01-21,11.5,5.8,8.7,21-01
2019-01-22,9.4,5.9,7.1,22-01
2019-01-23,12.6,7.2,9.9,23-01
2019-01-24,13.9,10.4,12.3,24-01
2019-01-25,14.9,7.5,11.5,25-01
2019-01-26,14.1,7.4,11.8,26-01
2019-01-27,7.7,5.9,6.9,27-01
2019-01-28,11.9,6.6,8.9,28-01
2019-01-29,16.2,10.4,13.2,29-01
2019-01-30,16.7,11.3,13.7,30-01
2019-01-31,14.3,9.0,11.2,31-01
2019-02-01,11.6,7.9,9.4,01-02
2019-02-02,14.2,8.0,11.0,02-02
2019-02-03,16.9,9.6,13.0,03-02
2019-02-04,17.5,9.4,13.8,04-02
2019-02-05,13.4,7.7,9.6,05-02
2019-02-06,9.4,7.8,8.5,06-02
2019-02-07,7.8,5.3,6.7,07-02
2019-02-08,7.3,5.9,6.7,08-02
2019-02-09,6.6,4.0,5.7,09-02
2019-02-10,8.0,2.0,5.1,10-02
2019-02-11,13.1,3.8,8.6,11-02
2019-02-12,14.9,8.0,11.1,12-02
2019-02-13,8.3,5.6,6.3,13-02
2019-02-14,7.0,4.3,6.1,14-02
2019-02-15,7.0,4.0,5.8,15-02
2019-02-16,7.6,5.3,6.1,16-02
2019-02-17,8.5,4.9,6.8,17-02
2019-02-18,10.0,2.1,6.5,18-02
2019-02-19,13.4,3.5,7.9,19-02
2019-02-20,10.8,2.9,6.1,20-02
2019-02-21,11.5,4.1,7.3,21-02
2019-02-22,9.6,3.8,7.5,22-02
2019-02-23,7.1,0.1,3.2,23-02
2019-02-24,1.9,0.1,1.0,24-02
2019-02-25,6.0,1.3,4.7,25-02
2019-02-26,8.6,3.5,6.2,26-02
2019-02-27,6.0,3.8,4.8,27-02
2019-02-28,8.3,3.7,6.1,28-02
2019-03-01,13.5,7.7,10.2,01-03
2019-03-02,12.3,7.2,9.6,02-03
2019-03-03,8.8,4.5,6.6,03-03
2019-03-04,8.8,0.5,5.3,04-03
2019-03-05,14.7,5.0,9.5,05-03
2019-03-06,13.6,9.3,11.4,06-03
2019-03-07,15.6,5.7,11.6,07-03
2019-03-08,19.8,9.3,14.3,08-03
2019-03-09,17.2,9.9,13.5,09-03
2019-03-10,16.1,10.8,13.2,10-03
2019-03-11,20.3,11.8,15.0,11-03
2019-03-12,14.3,7.2,11.0,12-03
2019-03-13,8.7,5.8,7.4,13-03
2019-03-14,9.2,6.7,7.8,14-03
2019-03-15,10.4,5.9,8.1,15-03
2019-03-16,11.7,4.1,8.7,16-03
2019-03-17,16.0,9.9,13.0,17-03
2019-03-18,21.2,10.1,15.4,18-03
2019-03-19,17.7,8.8,14.0,19-03
2019-03-20,12.4,8.7,10.5,20-03
2019-03-21,11.5,7.8,9.4,21-03
2019-03-22,13.5,4.1,9.4,22-03
2019-03-23,14.9,5.9,10.0,23-03
2019-03-24,11.6,3.0,8.3,24-03
2019-03-25,11.5,3.8,8.4,25-03
2019-03-26,16.0,5.4,10.3,26-03
2019-03-27,11.7,8.8,10.1,27-03
2019-03-28,11.5,6.8,9.0,28-03
2019-03-29,10.4,5.7,7.7,29-03
2019-03-30,10.5,6.5,8.2,30-03
2019-03-31,11.7,7.8,9.2,31-03
2019-04-01,13.8,5.9,9.9,01-04
2019-04-02,12.4,7.2,9.6,02-04
2019-04-03,12.7,7.6,10.2,03-04
2019-04-04,13.1,8.3,10.1,04-04
2019-04-05,15.1,6.6,10.5,05-04
2019-04-06,13.3,7.8,10.2,06-04
2019-04-07,15.7,8.7,12.1,07-04
2019-04-08,20.5,12.9,16.4,08-04
2019-04-09,16.7,11.9,13.9,09-04
2019-04-10,14.2,11.3,12.4,10-04
2019-04-11,16.4,11.3,13.4,11-04
2019-04-12,16.3,11.6,14.1,12-04
2019-04-13,16.4,11.0,13.9,13-04
2019-04-14,14.6,10.2,12.6,14-04
2019-04-15,10.7,8.9,10.0,15-04
2019-04-16,12.9,8.3,10.4,16-04
2019-04-17,13.1,5.7,10.2,17-04
2019-04-18,12.5,7.6,10.0,18-04
2019-04-19,12.5,7.3,9.7,19-04
2019-04-20,10.5,6.0,8.1,20-04
2019-04-21,14.3,5.1,10.0,21-04
2019-04-22,14.0,5.1,10.4,22-04
2019-04-23,16.2,7.5,12.1,23-04
2019-04-24,19.9,11.8,15.4,24-04
2019-04-25,20.4,12.0,16.1,25-04
2019-04-26,17.9,10.7,13.8,26-04
2019-04-27,18.5,8.9,14.5,27-04
2019-04-28,20.5,13.5,17.2,28-04
2019-04-29,25.2,14.8,19.3,29-04
2019-04-30,24.6,14.4,19.3,30-04
2019-05-01,21.3,15.2,18.0,01-05
2019-05-02,16.5,14.0,15.2,02-05
2019-05-03,20.7,12.1,16.3,03-05
2019-05-04,23.1,12.7,18.5,04-05
2019-05-05,24.1,15.0,18.8,05-05
2019-05-06,24.4,15.4,19.9,06-05
2019-05-07,18.1,12.7,15.6,07-05
2019-05-08,14.1,11.0,12.7,08-05
2019-05-09,16.7,12.3,14.6,09-05
2019-05-10,17.5,14.1,15.3,10-05
2019-05-11,18.2,14.0,15.9,11-05
2019-05-12,21.9,12.9,17.7,12-05
2019-05-13,20.9,14.9,17.6,13-05
2019-05-14,20.6,14.8,17.2,14-05
2019-05-15,23.0,16.6,19.7,15-05
2019-05-16,24.4,16.9,20.2,16-05
2019-05-17,19.1,15.6,17.2,17-05
2019-05-18,20.2,14.9,17.9,18-05
2019-05-19,26.8,16.3,21.2,19-05
2019-05-20,26.8,19.2,23.2,20-05
2019-05-21,27.2,18.1,22.4,21-05
2019-05-22,25.5,18.0,21.6,22-05
2019-05-23,23.7,18.4,21.5,23-05
2019-05-24,20.7,16.3,18.5,24-05
2019-05-25,22.1,15.9,18.8,25-05
2019-05-26,23.6,17.4,20.7,26-05
2019-05-27,26.5,17.3,22.6,27-05
2019-05-28,30.2,17.4,24.0,28-05
2019-05-29,29.4,20.0,24.3,29-05
2019-05-30,26.7,20.1,23.4,30-05
2019-05-31,27.6,20.8,24.1,31-05
2019-06-01,24.6,20.5,22.3,01-06
2019-06-02,23.8,19.9,21.6,02-06
2019-06-03,26.4,19.1,22.6,03-06
2019-06-04,25.5,20.0,22.5,04-06
2019-06-05,25.4,19.8,22.9,05-06
2019-06-06,26.6,19.5,23.4,06-06
2019-06-07,28.2,19.2,23.9,07-06
2019-06-08,28.9,19.7,24.9,08-06
2019-06-09,27.9,21.0,24.6,09-06
2019-06-10,26.6,21.7,24.2,10-06
2019-06-11,25.8,21.8,23.2,11-06
2019-06-12,25.4,20.0,23.1,12-06
2019-06-13,29.3,21.1,25.0,13-06
2019-06-14,28.5,21.9,24.9,14-06
2019-06-15,27.1,22.8,24.9,15-06
2019-06-16,28.8,21.9,25.4,16-06
2019-06-17,30.9,23.5,26.5,17-06
2019-06-18,29.2,23.1,26.1,18-06
2019-06-19,28.4,22.7,25.0,19-06
2019-06-20,25.5,21.7,23.7,20-06
2019-06-21,26.7,20.8,23.9,21-06
2019-06-22,31.0,22.0,26.3,22-06
2019-06-23,29.6,23.1,26.7,23-06
2019-06-24,31.9,23.2,28.0,24-06
2019-06-25,30.7,24.6,27.4,25-06
2019-06-26,29.9,24.6,27.3,26-06
2019-06-27,30.4,24.7,27.6,27-06
2019-06-28,29.8,20.8,25.5,28-06
2019-06-29,26.5,22.0,24.7,29-06
2019-06-30,26.6,17.9,22.9,30-06
2019-07-01,27.6,20.0,23.8,01-07
2019-07-02,29.8,20.1,25.2,02-07
2019-07-03,31.5,22.5,26.0,03-07
2019-07-04,29.9,23.7,26.5,04-07
2019-07-05,29.8,23.7,26.4,05-07
2019-07-06,28.5,21.8,25.4,06-07
2019-07-07,30.7,22.5,26.6,07-07
2019-07-08,30.1,22.4,26.5,08-07
2019-07-09,30.8,24.2,27.7,09-07
2019-07-10,27.4,22.6,24.8,10-07
2019-07-11,22.7,18.9,21.0,11-07
2019-07-12,24.7,16.2,21.2,12-07
2019-07-13,26.5,18.4,22.9,13-07
2019-07-14,23.5,18.4,21.3,14-07
2019-07-15,23.9,18.1,20.3,15-07
2019-07-16,26.8,16.8,22.4,16-07
2019-07-17,26.5,21.5,23.9,17-07
2019-07-18,28.2,19.3,24.4,18-07
2019-07-19,28.7,21.3,25.0,19-07
2019-07-20,28.8,22.1,25.4,20-07
2019-07-21,29.1,22.0,25.7,21-07
2019-07-22,29.8,22.2,25.9,22-07
2019-07-23,30.6,22.2,26.5,23-07
2019-07-24,24.9,21.1,23.3,24-07
2019-07-25,27.2,19.4,23.9,25-07
2019-07-26,29.4,19.6,25.1,26-07
2019-07-27,29.2,21.7,25.5,27-07
2019-07-28,29.3,22.3,25.8,28-07
2019-07-29,29.7,23.2,26.0,29-07
2019-07-30,28.7,23.5,25.9,30-07
2019-07-31,30.9,22.4,26.8,31-07
2019-08-01,31.7,24.1,27.7,01-08
2019-08-02,30.3,24.6,27.3,02-08
2019-08-03,30.6,22.0,26.8,03-08
2019-08-04,27.4,23.5,25.5,04-08
2019-08-05,27.6,20.2,24.3,05-08
2019-08-06,28.4,21.4,24.8,06-08
2019-08-07,29.0,21.9,25.4,07-08
2019-08-08,30.0,21.5,25.6,08-08
2019-08-09,30.0,22.1,25.7,09-08
2019-08-10,30.5,22.6,26.2,10-08
2019-08-11,29.3,23.6,26.1,11-08
2019-08-12,29.7,24.4,26.5,12-08
2019-08-13,28.6,22.5,25.7,13-08
2019-08-14,29.5,23.3,25.6,14-08
2019-08-15,28.4,23.9,26.0,15-08
2019-08-16,27.3,23.5,25.2,16-08
2019-08-17,26.0,18.2,21.3,17-08
2019-08-18,26.2,17.4,22.0,18-08
2019-08-19,27.2,17.9,22.9,19-08
2019-08-20,27.3,20.2,24.1,20-08
2019-08-21,27.8,21.9,24.2,21-08
2019-08-22,30.5,22.1,25.7,22-08
2019-08-23,29.0,22.0,25.6,23-08
2019-08-24,30.5,23.0,26.4,24-08
2019-08-25,31.3,23.9,26.8,25-08
2019-08-26,30.2,24.8,27.1,26-08
2019-08-27,30.2,23.9,26.7,27-08
2019-08-28,29.2,23.7,26.2,28-08
2019-08-29,28.3,22.9,25.4,29-08
2019-08-30,27.7,22.4,24.8,30-08
2019-08-31,27.1,21.7,24.0,31-08
2019-09-01,28.2,21.4,24.7,01-09
2019-09-02,28.3,22.5,25.1,02-09
2019-09-03,28.8,22.6,25.5,03-09
2019-09-04,29.1,22.4,25.4,04-09
2019-09-05,27.4,22.5,24.6,05-09
2019-09-06,26.5,21.5,23.7,06-09
2019-09-07,27.2,18.3,23.0,07-09
2019-09-08,27.5,21.4,24.0,08-09
2019-09-09,27.1,20.2,23.6,09-09
2019-09-10,26.9,18.2,23.3,10-09
2019-09-11,27.9,21.6,24.2,11-09
2019-09-12,26.6,20.5,23.6,12-09
2019-09-13,26.5,21.4,23.6,13-09
2019-09-14,26.6,20.6,23.7,14-09
2019-09-15,25.6,20.7,22.7,15-09
2019-09-16,25.0,17.1,21.2,16-09
2019-09-17,25.2,16.7,21.2,17-09
2019-09-18,28.9,17.7,23.3,18-09
2019-09-19,25.0,21.3,23.0,19-09
2019-09-20,20.7,16.1,18.3,20-09
2019-09-21,20.3,15.6,17.8,21-09
2019-09-22,21.1,13.9,17.4,22-09
2019-09-23,20.9,12.0,17.2,23-09
2019-09-24,25.4,15.3,19.8,24-09
2019-09-25,22.8,18.6,20.0,25-09
2019-09-26,24.0,16.3,20.5,26-09
2019-09-27,23.4,19.2,21.3,27-09
2019-09-28,24.1,16.0,20.2,28-09
2019-09-29,23.7,14.8,19.7,29-09
2019-09-30,24.9,15.5,20.5,30-09
2019-10-01,26.9,16.3,21.8,01-10
2019-10-02,26.8,19.5,22.6,02-10
2019-10-03,29.0,18.8,23.0,03-10
2019-10-04,29.4,21.4,24.4,04-10
2019-10-05,21.9,16.0,18.1,05-10
2019-10-06,18.9,13.6,16.6,06-10
2019-10-07,20.2,12.7,16.9,07-10
2019-10-08,17.5,14.5,15.6,08-10
2019-10-09,21.6,13.9,17.3,09-10
2019-10-10,22.1,14.0,18.2,10-10
2019-10-11,22.4,17.5,19.3,11-10
2019-10-12,22.5,16.7,19.1,12-10
2019-10-13,23.7,15.7,19.1,13-10
2019-10-14,23.4,16.6,19.2,14-10
2019-10-15,21.3,14.5,18.0,15-10
2019-10-16,21.5,17.7,19.3,16-10
2019-10-17,21.9,18.5,19.8,17-10
2019-10-18,22.0,17.5,19.4,18-10
2019-10-19,21.7,15.0,18.4,19-10
2019-10-20,20.9,14.2,17.8,20-10
2019-10-21,22.4,15.3,18.7,21-10
2019-10-22,20.4,16.8,18.3,22-10
2019-10-23,21.5,15.7,17.9,23-10
2019-10-24,21.6,14.4,17.9,24-10
2019-10-25,21.6,15.0,17.9,25-10
2019-10-26,20.7,16.3,18.0,26-10
2019-10-27,19.8,15.8,17.4,27-10
2019-10-28,20.0,14.0,16.6,28-10
2019-10-29,20.1,12.6,16.3,29-10
2019-10-30,19.9,12.2,16.1,30-10
2019-10-31,18.7,13.2,15.3,31-10
2019-11-01,15.1,11.7,13.7,01-11
2019-11-02,16.4,10.0,12.8,02-11
2019-11-03,17.9,8.2,13.3,03-11
2019-11-04,22.2,16.0,19.0,04-11
2019-11-05,22.5,18.2,20.2,05-11
2019-11-06,23.2,17.9,20.2,06-11
2019-11-07,23.7,16.3,19.9,07-11
2019-11-08,24.3,16.1,19.6,08-11
2019-11-09,23.8,15.1,19.1,09-11
2019-11-10,23.6,13.9,18.4,10-11
2019-11-11,22.1,15.1,18.3,11-11
2019-11-12,22.2,12.6,17.7,12-11
2019-11-13,22.8,13.6,17.8,13-11
2019-11-14,19.4,13.8,16.5,14-11
2019-11-15,20.5,14.2,17.0,15-11
2019-11-16,20.4,11.2,15.9,16-11
2019-11-17,20.9,14.5,16.9,17-11
2019-11-18,19.9,11.1,15.2,18-11
2019-11-19,20.2,11.2,15.6,19-11
2019-11-20,19.1,12.6,15.8,20-11
2019-11-21,19.6,11.1,15.0,21-11
2019-11-22,16.5,13.7,14.9,22-11
2019-11-23,17.4,12.9,14.8,23-11
2019-11-24,17.0,13.4,15.0,24-11
2019-11-25,17.2,12.6,14.8,25-11
2019-11-26,17.3,13.6,15.6,26-11
2019-11-27,13.8,11.4,12.2,27-11
2019-11-28,16.9,11.9,14.9,28-11
2019-11-29,18.8,14.9,16.6,29-11
2019-11-30,19.2,13.1,16.2,30-11
2019-12-01,13.0,8.8,9.8,01-12
2019-12-02,12.1,7.1,9.6,02-12
2019-12-03,12.8,8.7,10.9,03-12
2019-12-04,9.0,7.8,8.2,04-12
2019-12-05,9.8,5.8,8.2,05-12
2019-12-06,11.7,4.8,8.2,06-12
2019-12-07,11.2,3.5,8.0,07-12
2019-12-08,12.5,7.3,10.6,08-12
2019-12-09,12.2,4.5,8.1,09-12
2019-12-10,13.7,5.4,9.8,10-12
2019-12-11,13.1,5.7,9.9,11-12
2019-12-12,15.1,9.3,12.2,12-12
2019-12-13,15.4,10.7,12.5,13-12
2019-12-14,17.9,11.5,14.2,14-12
2019-12-15,14.0,7.2,11.3,15-12
2019-12-16,14.5,5.5,9.7,16-12
2019-12-17,15.1,8.0,11.9,17-12
2019-12-18,14.7,10.8,12.7,18-12
2019-12-19,15.4,10.3,12.6,19-12
2019-12-20,14.5,7.2,11.5,20-12
2019-12-21,16.5,12.6,14.8,21-12
2019-12-22,18.4,15.7,16.8,22-12
2019-12-23,16.5,11.7,14.6,23-12
2019-12-24,12.1,10.1,10.9,24-12
2019-12-25,10.4,8.9,9.4,25-12
2019-12-26,8.9,7.2,8.5,26-12
2019-12-27,9.6,6.3,7.5,27-12
2019-12-28,6.4,3.6,5.0,28-12
2019-12-29,6.1,4.6,5.3,29-12
2019-12-30,9.7,5.1,7.8,30-12
2019-12-31,7.2,5.0,6.3,31-12
2020-01-01,8.7,4.1,6.3,01-01
2020-01-02,6.8,4.1,5.5,02-01
2020-01-03,7.8,4.4,5.9,03-01
2020-01-04,9.4,5.1,7.2,04-01
2020-01-05,9.5,5.9,7.2,05-01
2020-01-06,7.1,5.9,6.7,06-01
2020-01-07,7.0,5.0,5.6,07-01
2020-01-08,5.4,3.5,4.8,08-01
2020-01-09,6.6,2.5,4.9,09-01
2020-01-10,9.1,1.2,4.8,10-01
2020-01-11,11.1,3.4,7.5,11-01
2020-01-12,9.8,5.4,8.3,12-01
2020-01-13,9.5,5.1,7.2,13-01
2020-01-14,9.3,1.3,5.7,14-01
2020-01-15,10.3,5.7,7.8,15-01
2020-01-16,10.5,7.8,8.9,16-01
2020-01-17,9.8,6.9,7.8,17-01
2020-01-18,8.9,6.1,7.5,18-01
2020-01-19,7.6,4.1,6.3,19-01
2020-01-20,6.9,3.3,5.0,20-01
2020-01-21,4.7,3.2,3.8,21-01
2020-01-22,7.2,-1.5,3.5,22-01
2020-01-23,7.8,5.1,6.6,23-01
2020-01-24,8.7,1.4,5.0,24-01
2020-01-25,10.4,5.4,7.7,25-01
2020-01-26,12.5,8.1,10.3,26-01
2020-01-27,13.8,9.0,11.3,27-01
2020-01-28,11.2,7.1,9.3,28-01
2020-01-29,14.2,7.1,10.6,29-01
2020-01-30,9.1,5.3,7.4,30-01
2020-01-31,10.0,2.5,6.7,31-01
2020-02-01,13.4,9.1,10.7,01-02
2020-02-02,16.2,8.7,11.7,02-02
2020-02-03,14.0,10.3,12.2,03-02
2020-02-04,14.7,10.6,12.8,04-02
2020-02-05,15.9,8.8,12.3,05-02
2020-02-06,9.9,2.1,4.8,06-02
2020-02-07,6.1,2.2,4.0,07-02
2020-02-08,2.8,-0.7,0.6,08-02
2020-02-09,4.3,-0.6,1.6,09-02
2020-02-10,8.1,2.4,5.2,10-02
2020-02-11,13.4,8.0,10.4,11-02
2020-02-12,12.2,6.3,8.5,12-02
2020-02-13,11.7,5.2,8.1,13-02
2020-02-14,12.3,1.9,7.9,14-02
2020-02-15,11.1,8.2,9.1,15-02
2020-02-16,9.8,6.8,8.3,16-02
2020-02-17,11.6,2.6,7.2,17-02
2020-02-18,10.7,1.3,6.5,18-02
2020-02-19,11.2,4.1,7.7,19-02
2020-02-20,8.0,6.9,7.6,20-02
2020-02-21,8.0,6.8,7.2,21-02
2020-02-22,8.8,5.9,7.0,22-02
2020-02-23,9.2,1.6,6.3,23-02
2020-02-24,11.7,6.8,9.5,24-02
2020-02-25,13.3,5.0,9.3,25-02
2020-02-26,17.9,7.3,12.7,26-02
2020-02-27,17.3,8.0,14.1,27-02
2020-02-28,12.0,6.3,9.2,28-02
2020-02-29,10.0,6.2,8.1,29-02
2020-03-01,11.3,2.4,6.9,01-03
2020-03-02,15.1,5.0,10.6,02-03
2020-03-03,21.5,10.9,15.4,03-03
2020-03-04,18.4,9.5,13.7,04-03
2020-03-05,15.8,10.0,12.7,05-03
2020-03-06,14.3,8.9,10.8,06-03
2020-03-07,19.3,10.1,14.1,07-03
2020-03-08,21.5,11.8,16.5,08-03
2020-03-09,20.4,9.2,14.1,09-03
2020-03-10,11.1,9.2,10.5,10-03
2020-03-11,15.7,9.0,11.8,11-03
2020-03-12,16.8,6.4,11.8,12-03
2020-03-13,15.3,7.9,11.4,13-03
2020-03-14,13.3,6.2,9.5,14-03
2020-03-15,10.4,5.7,8.3,15-03
2020-03-16,7.7,5.8,6.3,16-03
2020-03-17,9.2,4.7,6.6,17-03
2020-03-18,8.8,3.4,6.1,18-03
2020-03-19,10.4,3.9,7.6,19-03
2020-03-20,10.1,4.3,7.7,20-03
2020-03-21,12.8,3.9,8.6,21-03
2020-03-22,16.5,6.2,10.6,22-03
2020-03-23,10.3,8.1,9.0,23-03
2020-03-24,9.0,7.7,8.2,24-03
2020-03-25,8.6,6.9,7.6,25-03
2020-03-26,9.7,7.8,8.6,26-03
2020-03-27,12.2,8.1,9.7,27-03
2020-03-28,11.2,8.0,8.9,28-03
2020-03-29,10.1,8.8,9.4,29-03
2020-03-30,14.9,9.8,11.9,30-03
2020-03-31,11.2,6.9,8.9,31-03
2020-04-01,8.8,6.9,7.6,01-04
2020-04-02,8.9,7.0,8.1,02-04
2020-04-03,9.9,5.2,7.2,03-04
2020-04-04,10.6,4.2,8.2,04-04
2020-04-05,10.6,9.2,10.0,05-04
2020-04-06,10.1,8.8,9.4,06-04
2020-04-07,12.5,7.9,9.8,07-04
2020-04-08,11.6,8.7,9.6,08-04
2020-04-09,13.3,7.8,10.0,09-04
2020-04-10,14.8,4.0,9.9,10-04
2020-04-11,18.2,7.0,12.4,11-04
2020-04-12,14.9,6.3,11.2,12-04
2020-04-13,14.3,5.2,10.5,13-04
2020-04-14,21.7,9.1,15.4,14-04
2020-04-15,17.7,7.0,10.3,15-04
2020-04-16,14.1,7.0,10.6,16-04
2020-04-17,16.9,5.2,11.4,17-04
2020-04-18,19.9,8.1,14.4,18-04
2020-04-19,22.8,10.1,16.4,19-04
2020-04-20,16.0,10.8,13.3,20-04
2020-04-21,11.7,9.0,10.8,21-04
2020-04-22,13.1,9.8,11.0,22-04
2020-04-23,14.1,8.0,10.6,23-04
2020-04-24,15.2,8.9,11.3,24-04
2020-04-25,13.8,4.3,9.9,25-04
2020-04-26,20.1,8.0,14.5,26-04
2020-04-27,20.2,10.2,15.4,27-04
2020-04-28,22.8,12.9,17.2,28-04
2020-04-29,22.4,11.0,17.5,29-04
2020-04-30,21.8,15.0,17.8,30-04
2020-05-01,20.9,14.1,17.0,01-05
2020-05-02,23.2,14.1,18.3,02-05
2020-05-03,18.9,14.1,16.0,03-05
2020-05-04,14.9,12.9,13.4,04-05
2020-05-05,16.9,13.0,14.5,05-05
2020-05-06,21.1,11.1,15.9,06-05
2020-05-07,15.5,10.0,12.5,07-05
2020-05-08,18.6,10.1,14.4,08-05
2020-05-09,19.3,8.9,15.5,09-05
2020-05-10,22.8,10.8,17.4,10-05
2020-05-11,26.5,15.5,20.6,11-05
2020-05-12,28.1,17.3,22.3,12-05
2020-05-13,20.8,14.9,17.8,13-05
2020-05-14,20.7,13.1,17.0,14-05
2020-05-15,28.6,17.4,22.6,15-05
2020-05-16,28.9,19.5,24.2,16-05
2020-05-17,28.6,17.0,22.8,17-05
2020-05-18,26.1,17.9,21.3,18-05
2020-05-19,29.1,16.9,22.2,19-05
2020-05-20,26.4,16.1,21.4,20-05
2020-05-21,20.4,15.0,18.1,21-05
2020-05-22,15.9,11.8,13.6,22-05
2020-05-23,15.9,9.9,12.8,23-05
2020-05-24,18.3,8.0,14.4,24-05
2020-05-25,18.5,14.5,16.1,25-05
2020-05-26,20.2,11.8,16.0,26-05
2020-05-27,15.9,13.7,14.7,27-05
2020-05-28,17.1,12.0,14.8,28-05
2020-05-29,18.5,11.1,15.5,29-05
2020-05-30,21.5,14.8,17.8,30-05
2020-05-31,23.2,15.0,19.2,31-05
2020-06-01,19.6,15.5,17.4,01-06
2020-06-02,20.2,14.9,17.5,02-06
2020-06-03,18.3,15.0,16.7,03-06
2020-06-04,24.1,14.2,19.2,04-06
2020-06-05,27.4,17.0,22.1,05-06
2020-06-06,30.9,18.0,24.1,06-06
2020-06-07,26.4,18.1,22.2,07-06
2020-06-08,24.6,18.1,21.8,08-06
2020-06-09,28.8,18.8,24.1,09-06
2020-06-10,29.7,20.1,25.0,10-06
2020-06-11,26.3,19.3,22.7,11-06
2020-06-12,24.8,21.0,22.6,12-06
2020-06-13,24.0,18.5,21.8,13-06
2020-06-14,25.0,20.1,21.8,14-06
2020-06-15,26.4,19.9,23.0,15-06
2020-06-16,30.1,19.0,24.1,16-06
2020-06-17,28.9,20.2,24.2,17-06
2020-06-18,24.8,20.1,22.5,18-06
2020-06-19,23.6,20.8,21.8,19-06
2020-06-20,27.1,19.3,23.4,20-06
2020-06-21,27.2,20.9,24.1,21-06
2020-06-22,26.6,19.0,23.1,22-06
2020-06-23,25.6,19.2,22.1,23-06
2020-06-24,25.7,20.2,22.8,24-06
2020-06-25,28.3,19.3,23.8,25-06
2020-06-26,27.4,21.7,24.2,26-06
2020-06-27,28.3,21.5,24.7,27-06
2020-06-28,28.6,21.5,25.0,28-06
2020-06-29,30.0,21.4,25.4,29-06
2020-06-30,29.3,18.9,24.9,30-06
2020-07-01,31.6,21.8,26.8,01-07
2020-07-02,31.0,23.7,26.9,02-07
2020-07-03,30.4,23.7,26.8,03-07
2020-07-04,30.3,23.7,26.9,04-07
2020-07-05,30.6,23.7,27.1,05-07
2020-07-06,31.9,24.6,27.5,06-07
2020-07-07,31.1,24.6,27.4,07-07
2020-07-08,26.8,21.7,23.7,08-07
2020-07-09,26.8,20.7,23.7,09-07
2020-07-10,26.8,21.3,24.2,10-07
2020-07-11,28.3,22.2,25.2,11-07
2020-07-12,30.1,22.4,25.6,12-07
2020-07-13,23.7,20.8,22.1,13-07
2020-07-14,25.6,20.9,22.9,14-07
2020-07-15,24.3,19.7,21.6,15-07
2020-07-16,26.0,17.2,22.4,16-07
2020-07-17,26.7,18.0,23.1,17-07
2020-07-18,28.5,21.5,24.8,18-07
2020-07-19,27.9,22.7,25.3,19-07
2020-07-20,28.5,21.3,25.3,20-07
2020-07-21,28.4,20.9,24.6,21-07
2020-07-22,29.3,21.6,25.4,22-07
2020-07-23,30.2,22.7,26.1,23-07
2020-07-24,29.5,22.7,25.9,24-07
2020-07-25,28.5,22.4,25.0,25-07
2020-07-26,29.4,22.4,25.5,26-07
2020-07-27,29.8,21.9,25.6,27-07
2020-07-28,30.4,22.8,26.3,28-07
2020-07-29,33.0,20.9,27.4,29-07
2020-07-30,31.3,23.6,27.4,30-07
2020-07-31,30.4,23.5,26.9,31-07
2020-08-01,31.1,22.5,26.4,01-08
2020-08-02,30.0,22.6,25.9,02-08
2020-08-03,28.7,22.4,25.1,03-08
2020-08-04,28.1,22.4,25.1,04-08
2020-08-05,29.0,22.4,25.5,05-08
2020-08-06,29.4,22.5,25.8,06-08
2020-08-07,31.2,23.7,26.6,07-08
2020-08-08,29.4,24.8,26.8,08-08
2020-08-09,29.6,24.8,26.8,09-08
2020-08-10,30.6,23.7,26.8,10-08
2020-08-11,30.5,22.0,26.6,11-08
2020-08-12,31.2,23.4,27.1,12-08
2020-08-13,30.5,23.3,26.6,13-08
2020-08-14,28.5,22.6,25.4,14-08
2020-08-15,29.3,21.5,25.1,15-08
2020-08-16,27.7,22.3,24.6,16-08
2020-08-17,27.5,22.2,24.5,17-08
2020-08-18,27.0,21.4,24.3,18-08
2020-08-19,29.2,19.9,24.7,19-08
2020-08-20,25.3,19.9,22.8,20-08
2020-08-21,28.6,21.0,24.3,21-08
2020-08-22,30.9,20.0,24.9,22-08
2020-08-23,29.5,21.7,25.5,23-08
2020-08-24,29.5,22.5,25.5,24-08
2020-08-25,29.4,22.4,25.4,25-08
2020-08-26,27.9,20.9,24.7,26-08
2020-08-27,28.7,20.0,24.6,27-08
2020-08-28,31.9,18.1,25.4,28-08
2020-08-29,31.2,22.7,26.6,29-08
2020-08-30,30.4,23.6,26.2,30-08
2020-08-31,28.5,21.6,25.1,31-08
2020-09-01,30.6,21.6,25.5,01-09
2020-09-02,30.9,21.7,25.8,02-09
2020-09-03,30.2,22.5,25.9,03-09
2020-09-04,27.0,21.8,24.2,04-09
2020-09-05,25.5,20.9,22.8,05-09
2020-09-06,27.1,18.0,22.8,06-09
2020-09-07,28.5,20.0,24.4,07-09
2020-09-08,28.5,20.0,24.6,08-09
2020-09-09,28.4,22.7,24.8,09-09
2020-09-10,27.9,20.5,24.2,10-09
2020-09-11,26.7,21.6,24.1,11-09
2020-09-12,27.5,22.7,24.8,12-09
2020-09-13,27.5,23.8,25.0,13-09
2020-09-14,28.5,22.7,25.3,14-09
2020-09-15,28.6,22.7,25.2,15-09
2020-09-16,26.9,22.6,24.4,16-09
2020-09-17,27.8,21.7,24.3,17-09
2020-09-18,27.6,19.2,23.6,18-09
2020-09-19,24.6,19.9,22.0,19-09
2020-09-20,21.8,19.7,20.7,20-09
2020-09-21,25.5,20.0,22.4,21-09
2020-09-22,24.7,19.5,22.1,22-09
2020-09-23,24.4,18.3,21.6,23-09
2020-09-24,27.3,18.0,22.7,24-09
2020-09-25,26.5,21.8,23.6,25-09
2020-09-26,29.2,20.1,25.3,26-09
2020-09-27,27.8,20.5,24.1,27-09
2020-09-28,27.5,18.3,23.3,28-09
2020-09-29,26.4,18.3,22.1,29-09
2020-09-30,21.7,16.4,19.3,30-09
2020-10-01,22.5,17.2,19.7,01-10
2020-10-02,24.3,17.0,21.0,02-10
2020-10-03,25.6,15.0,21.2,03-10
2020-10-04,27.7,16.1,22.3,04-10
2020-10-05,30.5,18.3,24.1,05-10
2020-10-06,31.2,19.4,24.8,06-10
2020-10-07,29.7,22.7,25.4,07-10
2020-10-08,25.1,17.6,21.9,08-10
2020-10-09,20.1,15.4,17.7,09-10
2020-10-10,20.7,15.1,18.0,10-10
2020-10-11,22.8,15.9,19.4,11-10
2020-10-12,24.3,14.3,19.8,12-10
2020-10-13,27.6,18.4,21.7,13-10
2020-10-14,23.4,19.0,21.4,14-10
2020-10-15,23.8,16.1,20.2,15-10
2020-10-16,24.7,16.2,20.7,16-10
2020-10-17,25.9,19.3,22.1,17-10
2020-10-18,19.9,16.9,18.6,18-10
2020-10-19,17.7,14.2,16.5,19-10
2020-10-20,18.7,16.0,17.2,20-10
2020-10-21,20.7,16.9,18.7,21-10
2020-10-22,21.8,16.6,18.8,22-10
2020-10-23,20.4,14.4,17.4,23-10
2020-10-24,21.5,14.3,17.7,24-10
2020-10-25,23.4,15.2,19.1,25-10
2020-10-26,21.4,15.5,18.7,26-10
2020-10-27,22.6,13.9,18.0,27-10
2020-10-28,21.9,17.5,19.7,28-10
2020-10-29,19.1,14.8,17.7,29-10
2020-10-30,18.2,13.2,15.2,30-10
2020-10-31,16.5,11.2,13.8,31-10
2020-11-01,16.7,9.1,12.8,01-11
2020-11-02,16.3,7.0,11.3,02-11
2020-11-03,16.0,8.3,12.2,03-11
2020-11-04,16.2,11.5,13.7,04-11
2020-11-05,17.2,11.3,15.0,05-11
2020-11-06,15.9,13.1,14.7,06-11
2020-11-07,14.8,11.2,13.2,07-11
2020-11-08,16.9,12.6,14.9,08-11
2020-11-09,18.7,13.5,15.8,09-11
2020-11-10,16.9,14.6,15.8,10-11
2020-11-11,16.4,13.8,14.9,11-11
2020-11-12,18.3,12.0,14.7,12-11
2020-11-13,16.8,11.3,14.2,13-11
2020-11-14,13.9,12.2,13.2,14-11
2020-11-15,13.2,9.5,11.8,15-11
2020-11-16,15.0,8.0,11.4,16-11
2020-11-17,16.7,7.2,11.8,17-11
2020-11-18,14.9,8.2,12.2,18-11
2020-11-19,13.0,11.9,12.6,19-11
2020-11-20,13.7,11.5,12.2,20-11
2020-11-21,12.4,10.3,11.2,21-11
2020-11-22,11.7,8.9,10.2,22-11
2020-11-23,13.7,5.4,9.5,23-11
2020-11-24,13.7,4.2,9.3,24-11
2020-11-25,13.7,9.9,11.6,25-11
2020-11-26,13.9,6.9,11.2,26-11
2020-11-27,15.5,7.3,10.8,27-11
2020-11-28,14.6,4.8,10.0,28-11
2020-11-29,15.4,5.9,12.0,29-11
2020-11-30,14.4,6.6,10.0,30-11
2020-12-01,8.3,6.1,6.9,01-12
2020-12-02,8.1,5.3,6.5,02-12
2020-12-03,13.5,8.1,10.4,03-12
2020-12-04,17.1,5.5,10.9,04-12
2020-12-05,15.6,7.0,11.8,05-12
2020-12-06,14.7,10.2,12.4,06-12
2020-12-07,14.5,9.8,11.8,07-12
2020-12-08,15.0,7.6,12.1,08-12
2020-12-09,15.3,6.6,11.3,09-12
2020-12-10,17.8,13.2,15.3,10-12
2020-12-11,16.0,12.1,14.0,11-12
2020-12-12,15.0,10.8,12.8,12-12
2020-12-13,15.4,13.0,13.8,13-12
2020-12-14,13.5,12.1,12.7,14-12
2020-12-15,12.2,8.9,10.0,15-12
2020-12-16,10.0,8.9,9.5,16-12
2020-12-17,10.7,9.1,10.0,17-12
2020-12-18,10.8,7.3,9.5,18-12
2020-12-19,10.9,4.8,8.5,19-12
2020-12-20,10.8,4.5,8.4,20-12
2020-12-21,9.7,7.0,8.3,21-12
2020-12-22,8.7,5.3,7.1,22-12
2020-12-23,9.7,1.5,6.1,23-12
2020-12-24,13.0,9.7,11.1,24-12
2020-12-25,15.6,10.3,13.4,25-12
2020-12-26,16.8,13.3,15.2,26-12
2020-12-27,15.5,11.3,13.8,27-12
2020-12-28,14.9,11.6,13.6,28-12
2020-12-29,16.5,11.6,13.9,29-12
2020-12-30,16.9,10.0,14.0,30-12
2020-12-31,16.8,11.0,13.9,31-12
2023-09-28,18.665933191984216,19.884561411503867,18.745531245551884,28-09
2023-09-29,22.506286620100177,14.205260665325246,18.231619520817482,29-09
2023-09-30,24.54237496892492,18.074586621428974,17.47923387013772,30-09
2023-10-01,25.787849248940805,17.95398822143863,19.818237158578242,01-10
2023-10-02,25.99205267872593,17.609692230842278,18.435650385172753,02-10
2023-10-03,22.359912102619617,16.20371220516706,19.889085009901148,03-10
2023-10-04,24.329021138699424,15.33211011274606,19.898973841642107,04-10
2023-10-05,24.287986444550608,14.988797042321819,20.394060629944587,05-10
2023-10-06,21.857324177051456,13.426930299691072,17.49802834869554,06-10
2023-10-07,23.989043046122852,16.616625490894016,19.499282790977695,07-10
2023-10-08,21.392479093232897,18.136402825577886,18.152698526674634,08-10
2023-10-09,19.39671277399615,15.12589597634196,19.086222119509966,09-10
2023-10-10,21.95497916798753,12.087737379783126,16.24351823528093,10-10
2023-10-11,19.512062342847152,14.031762134873865,21.776724080471247,11-10
2023-10-12,20.752617123463633,16.159040917647587,16.50859386656319,12-10
2023-10-13,21.28996474270408,16.845054777752743,21.35991738354806,13-10
2023-10-14,19.284944631187898,18.01793198783374,16.84696588379408,14-10
2023-10-15,19.354882150450223,17.602897198970123,15.368889387440767,15-10
2023-10-16,25.91058553943309,16.792284445255262,20.694420652139954,16-10
2023-10-17,21.867012893150015,18.376294034238718,17.12358952503319,17-10
2023-10-18,19.70023611166151,15.447398735126987,19.04710511135824,18-10
2023-10-19,18.73575814720806,17.494621636163544,17.00904354819263,19-10
2023-10-20,16.019643866729677,12.342334949066366,15.122413939705567,20-10
2023-10-21,20.348445331500812,12.175378837715378,17.744773569206583,21-10
2023-10-22,20.273587337837427,15.396389776997053,17.975012284207303,22-10
2023-10-23,19.692494973605065,14.67333354266659,18.10677971658669,23-10
2023-10-24,22.085605346052375,14.710048984236805,16.37944073015254,24-10
2023-10-25,17.95294218688399,7.245724107712115,17.024408894787697,25-10
2023-10-26,19.349890685112314,13.119236620322337,14.573749121744433,26-10
2023-10-27,19.352512948849018,10.721482628422482,15.322388607154066,27-10
2023-10-28,19.10928243975518,11.657561453391423,16.424419544531986,28-10
2023-10-29,20.55896821661249,13.355945246676846,13.554681479381381,29-10
2023-10-30,19.71048277033453,10.490243684987393,16.35671368633322,30-10
2023-10-31,16.736322759062706,12.159678343682335,19.289607722759296,31-10
2023-11-01,14.406522987604987,13.055402442741103,12.345605693891192,01-11
2023-11-02,14.03766104750311,12.64466222217132,13.388274649036376,02-11
2023-11-03,15.021978363833423,7.981783679686788,16.46032853621438,03-11
2023-11-04,21.659534574610237,13.221524070565287,15.344404340757217,04-11
2023-11-05,21.288188546926488,14.77596556786659,17.39465997728291,05-11
2023-11-06,15.519284281646307,11.412593303636061,18.274635749396236,06-11
2023-11-07,19.98940220477236,12.10458400469142,11.465252634363168,07-11
2023-11-08,22.045522488908016,12.978414425251525,15.312269955026787,08-11
2023-11-09,20.488142442455615,7.280449050035943,15.521025785575667,09-11
2023-11-10,19.310211012077204,13.465093770987885,13.917858424044171,10-11
2023-11-11,21.23090253571601,14.661937768494084,12.761686690242158,11-11
2023-11-12,16.072494315568825,12.417055457644596,14.731985260021272,12-11
2023-11-13,19.386187109136554,10.516762836125197,13.145682092399461,13-11
2023-11-14,14.352222246999869,11.390578413080574,10.196839804186203,14-11
2023-11-15,17.50014582268342,12.310507813010048,13.433154500083615,15-11
2023-11-16,16.539787138737356,11.115121329086403,11.483495678281702,16-11
2023-11-17,19.129719159960267,8.556154454777104,13.662423837232973,17-11
2023-11-18,14.39800628675862,9.783687943064132,14.373049998606811,18-11
2023-11-19,17.530007983390288,10.221149756873169,13.365916742888635,19-11
2023-11-20,14.98533409957004,12.616834212909007,17.819677267316177,20-11
2023-11-21,15.047093924493051,8.94859772613866,9.53504891669862,21-11
2023-11-22,18.051265027051052,7.162691261738715,14.375327502133525,22-11
2023-11-23,16.02536829080531,10.28384204602019,14.066609022986864,23-11
2023-11-24,11.124683760159392,9.174291431053492,9.99004184635874,24-11
2023-11-25,12.703794132087715,10.155350283171579,11.184463188245536,25-11
2023-11-26,13.93744528171275,11.26331721406719,16.547600925935463,26-11
2023-11-27,18.53701952666435,9.653243265071014,14.101171533885136,27-11
2023-11-28,14.495514870658889,11.349501035863632,14.749830431765048,28-11
2023-11-29,16.91939034817941,8.433690869643362,13.316575925760366,29-11
2023-11-30,13.053187106522367,7.777857784934046,11.968103815341994,30-11
2023-12-01,6.586481027975387,12.348307460091316,9.896107570018366,01-12
2023-12-02,8.436038339897724,8.109052142734154,8.527154224337528,02-12
2023-12-03,16.281318793871467,11.516810498727686,15.01650852717807,03-12
2023-12-04,13.080144727303937,5.039621475869209,12.274557912730629,04-12
2023-12-05,12.044428577136742,11.25262238917354,11.078400679029675,05-12
2023-12-06,12.394361477258299,9.404380940538871,9.328746506880329,06-12
2023-12-07,13.675017449790305,4.906518067325332,13.354047029554234,07-12
2023-12-08,14.409012359608932,6.097184664451256,10.209696142176346,08-12
2023-12-09,14.119387623538195,7.991971578071627,7.154098597214764,09-12
2023-12-10,17.12654377543585,9.379614176636965,13.601723855598532,10-12
2023-12-11,14.55231971748031,12.152147601695708,12.94494734593579,11-12
2023-12-12,15.041633658927008,11.973233859068095,11.100419569423243,12-12
2023-12-13,12.965703727935658,9.007348892013374,11.802356190303184,13-12
2023-12-14,14.208545271908784,9.400601048268863,7.82270001144199,14-12
2023-12-15,13.90725414615021,9.825675490660895,9.749984732573743,15-12
2023-12-16,15.205719579891293,8.921097733991045,9.562240820170503,16-12
2023-12-17,13.605987631611654,10.171347199620932,10.490237672445703,17-12
2023-12-18,10.259967156946736,9.31008949634772,12.064302011322596,18-12
2023-12-19,9.46286973823856,0.6787794497456865,6.274516075242328,19-12
2023-12-20,14.411031762615838,2.9027686977305023,7.1419930011994,20-12
2023-12-21,9.430497311944137,4.248445844334357,7.776161295803933,21-12
2023-12-22,11.48828461728726,6.069113453597769,6.394502970866391,22-12
2023-12-23,7.344994223970096,2.471536684785186,7.0795102300136605,23-12
2023-12-24,9.608583955294472,5.029040255231465,8.969322802847783,24-12
2023-12-25,13.43495987833318,9.33571802342947,9.704995856757762,25-12
2023-12-26,11.911951481824426,4.59943127704407,10.056300544438997,26-12
2023-12-27,16.283807516012907,6.440400698277362,11.16503660455524,27-12
2023-12-28,11.041157510573251,5.37046795974298,7.875992590864623,28-12
2023-12-29,14.190488758822244,7.6299444737926745,8.31714461787095,29-12
2023-12-30,10.964681953996312,4.419198697334764,8.563273623288591,30-12
2023-12-31,12.161933805355805,8.234404922540183,13.20917642172019,31-12
2024-01-01,8.521887820601771,6.373354989970417,7.708640599037894,01-01
2024-01-02,11.84292653147575,5.143854778434418,8.126631210348668,02-01
2024-01-03,13.469618176917116,6.109633369481179,6.424410574429713,03-01
2024-01-04,9.07090319543334,8.2306075595798,7.693172894755478,04-01
2024-01-05,15.848549862478547,9.641302171209006,10.993619696761776,05-01
2024-01-06,12.159864844750086,9.488701512216203,11.108307941053186,06-01
2024-01-07,9.854612656003157,5.293342272243533,8.967597619949332,07-01
2024-01-08,11.74865176905585,6.377769679843351,6.574537563554641,08-01
2024-01-09,11.210974257859846,6.192711203028897,5.784722023360722,09-01
2024-01-10,11.580610340458879,7.1408714050720965,12.465083566288024,10-01
2024-01-11,14.31842448576281,5.866619117874524,12.227883967514138,11-01
2024-01-12,7.7429871006623525,4.155809714479149,8.080855551055118,12-01
2024-01-13,7.422758025776608,5.333350010288461,9.480970965246545,13-01
2024-01-14,6.2008840344797465,3.512212676646197,9.04799267884709,14-01
2024-01-15,9.065495131758704,4.811896213833096,6.147814087879999,15-01
2024-01-16,9.960901518021121,0.05805361433831857,3.270449843735094,16-01
2024-01-17,6.182102542258285,3.3728176431655577,4.811765801126763,17-01
2024-01-18,9.384320286648682,8.228683996402179,6.540783782968069,18-01
2024-01-19,11.699783172106287,4.406673849195483,7.0034667664587875,19-01
2024-01-20,14.681716135335588,0.3411207347409575,6.434792381336261,20-01
2024-01-21,11.250220199327535,5.247198596087534,9.793038562086121,21-01
2024-01-22,9.33906826101298,3.3853830121907507,8.251084388331972,22-01
2024-01-23,8.526404693535131,6.551327694425795,9.714964311332643,23-01
2024-01-24,10.459997626792543,3.899467802155902,5.105850794384188,24-01
2024-01-25,9.837905834641003,3.056926928091571,8.99107007900249,25-01
2024-01-26,9.647164245706428,2.612879261432438,13.33573922512563,26-01
2024-01-27,11.086050293947848,7.422226428369729,9.723245880333902,27-01
2024-01-28,5.293461288341023,4.356508923099085,7.107831901029286,28-01
2024-01-29,8.721462088562259,7.236779669164074,7.090255436789746,29-01
2024-01-30,8.316334806269607,6.370147994576495,7.632029828649362,30-01
2024-01-31,11.039256873989268,4.9687619307377,7.317069409860375,31-01
2024-02-01,10.063091198857865,4.93021221249782,10.063666960833745,01-02
2024-02-02,13.299290675793195,8.341422856973587,11.357533486375512,02-02
2024-02-03,13.12744678965103,7.388727063822735,9.764184829340037,03-02
2024-02-04,15.97011621679755,5.738863936928766,8.287257115458754,04-02
2024-02-05,13.586881206261648,4.712489536690983,7.28185239741651,05-02
2024-02-06,7.045092267902756,4.221644294344697,8.757453985463256,06-02
2024-02-07,7.87304185218248,-0.6362822610477856,7.4861953915472785,07-02
2024-02-08,10.231685664754176,1.56924202236232,5.029347830289144,08-02
2024-02-09,9.079634621825823,5.2304285389342855,4.099926514255018,09-02
2024-02-10,8.669781045825076,5.308078294583524,3.8059649426382465,10-02
2024-02-11,13.482948783883819,2.6567798016440314,9.764265057868505,11-02
2024-02-12,14.633878154577985,3.5914276229018167,8.81133616831902,12-02
2024-02-13,5.760168633395789,2.642652297004883,9.964498471188355,13-02
2024-02-14,8.965894052587776,0.2948516563417767,3.5890469941680276,14-02
2024-02-15,11.065436862022656,3.106636275073559,6.575309502814996,15-02
2024-02-16,8.653818849044645,-0.919875529006073,3.3075026483757908,16-02
2024-02-17,10.295187425228656,6.8506756521478085,4.73260555473848,17-02
2024-02-18,10.368637419704358,1.4870264283912533,2.2488247407989572,18-02
2024-02-19,11.847739362062727,4.524992546226805,5.227216086416952,19-02
2024-02-20,9.052205217295874,4.274998339840994,3.2375545187114367,20-02
2024-02-21,10.464789006364642,5.273124516844627,10.539190219966533,21-02
2024-02-22,13.328990710416285,5.310442101839232,8.552738142156958,22-02
2024-02-23,9.424009142482543,3.080848655838664,4.482929059389906,23-02
2024-02-24,10.709198769885802,2.010819297519561,3.3164889222666605,24-02
2024-02-25,9.938797715176301,5.672420484583006,7.882314230551343,25-02
2024-02-26,12.635135204820681,10.125125396521756,7.209338844642252,26-02
2024-02-27,11.033509248373626,6.50626985869025,8.866649385854851,27-02
2024-02-28,8.893112535711849,4.217537183972942,7.3633618306665065,28-02
2024-02-29,9.277899269283948,4.550193652747115,8.176282936288752,29-02
2024-03-01,8.09735107941237,4.588689333340197,10.016593441731814,01-03
2024-03-02,5.941899747932804,5.138777169110483,3.9887272391559843,02-03
2024-03-03,10.743120062388927,6.291180970675574,8.326866796669067,03-03
2024-03-04,11.238585490787338,4.051207093298916,8.542915115139914,04-03
2024-03-05,14.092065444457477,6.215338103361298,10.29285381473855,05-03
2024-03-06,13.442447484549826,5.938235761733089,10.369960189376672,06-03
2024-03-07,13.457167744916383,7.981661577848353,10.670299840221196,07-03
2024-03-08,16.24334778575888,7.621830478009349,11.599521468295809,08-03
2024-03-09,13.747539079988865,8.984711309591502,9.87890370149753,09-03
2024-03-10,12.657645635883584,10.487270617034772,11.18548513310699,10-03
2024-03-11,9.92006361917237,6.467251321938313,6.809578989289191,11-03
2024-03-12,9.632833865637778,1.5190340589530846,7.975336460176919,12-03
2024-03-13,12.45341569809929,5.619800993257768,3.2044474334919903,13-03
2024-03-14,9.744339791897044,5.223636818893817,4.679390922114033,14-03
2024-03-15,12.9720296487791,3.3810849370801312,6.881185546580497,15-03
2024-03-16,12.051164566546108,5.34759186583879,8.461426275074011,16-03
2024-03-17,9.330147831442602,3.11792049761123,8.129706999498355,17-03
2024-03-18,4.551227443257608,3.7295924722745726,7.560715310669089,18-03
2024-03-19,6.307822278330413,0.0500687417706116,7.6984545520052565,19-03
2024-03-20,7.351148696914688,7.183460046839001,11.841945804598751,20-03
2024-03-21,10.01664110632248,4.504762698401407,6.285131160035911,21-03
2024-03-22,11.0225471892673,6.674083108440162,8.045199919971664,22-03
2024-03-23,8.349994119602584,5.867628947599669,9.05494945603621,23-03
2024-03-24,12.121534019291888,3.574522391702056,10.034330059513028,24-03
2024-03-25,12.66996911012015,5.326978492527932,6.49365511859823,25-03
2024-03-26,8.408413330550813,3.6671460163642187,10.319785229555887,26-03
2024-03-27,12.976194725143674,9.200366514933567,9.747520459502192,27-03
2024-03-28,17.44824419340785,5.040082215157158,6.78366724918721,28-03
2024-03-29,11.558825938973603,7.339373728904884,10.593120353999302,29-03
2024-03-30,8.17441913760749,6.74679907601567,5.4886231044900695,30-03
2024-03-31,12.735621184007918,3.641884076394606,10.040412315334757,31-03
2024-04-01,16.09648590090234,8.98917357217669,10.619014254827784,01-04
2024-04-02,15.397660345238302,5.905162834779788,12.410930970294647,02-04
2024-04-03,18.152893903070584,8.330478216270162,12.531854676659595,03-04
2024-04-04,15.806668370712426,6.476722674264552,9.521988062509642,04-04
2024-04-05,11.481673123701015,10.287460035332284,11.425577966450723,05-04
2024-04-06,15.278853646139053,13.127260760443939,9.814413590279475,06-04
2024-04-07,18.758944468020417,9.234538731454276,10.809390700038877,07-04
2024-04-08,15.785747466822112,10.860973577254056,11.84128960463051,08-04
2024-04-09,16.844105077697744,11.93841008810858,14.026002322313584,09-04
2024-04-10,16.042933075707936,8.724718123947822,8.152265534317461,10-04
2024-04-11,12.288464724941683,8.752128776477178,10.556486425231107,11-04
2024-04-12,14.198798916362536,6.280041985965054,11.849010814284572,12-04
2024-04-13,19.336594331378638,6.478972000123583,13.859271965497744,13-04
2024-04-14,18.26884384253043,10.823465128961015,10.672254884654034,14-04
2024-04-15,16.39437601160899,11.404099216121256,12.87424016926329,15-04
2024-04-16,20.354694792329862,10.383464182764568,12.456251381276964,16-04
2024-04-17,13.8160328611039,9.97256126634903,11.843437852161713,17-04
2024-04-18,16.451467710919825,9.918906270409428,11.319800882274581,18-04
2024-04-19,20.457954191129474,8.448717228453555,10.318155502718566,19-04
2024-04-20,14.537966186945257,9.110551411170471,9.187966697350431,20-04
2024-04-21,18.368926524354215,5.383160267496921,11.226470998291449,21-04
2024-04-22,16.097464904509557,5.0543566716332196,13.577779377934453,22-04
2024-04-23,16.687508811279102,10.567812020094305,12.586375374952956,23-04
2024-04-24,15.802106533764846,9.517623461671434,16.243019257020777,24-04
2024-04-25,17.43175544606368,8.913031066540954,17.204848683589468,25-04
2024-04-26,17.70729588353631,13.676002579770014,17.645347751904726,26-04
2024-04-27,17.98449930144168,10.998590838977199,14.55946438653741,27-04
2024-04-28,22.39153728677757,9.52998864399282,18.68500152503438,28-04
2024-04-29,20.500609484075223,10.546049544221102,12.945548245270105,29-04
2024-04-30,20.279181931566104,17.10261100407856,17.068572051376638,30-04
2024-05-01,17.99795925415812,10.464149788880032,14.63129175781236,01-05
2024-05-02,17.620325845667818,13.224642922008359,22.94475933271228,02-05
2024-05-03,15.404694309858467,16.30466158847079,17.197238110752192,03-05
2024-05-04,18.201690359025758,11.110572227692037,19.265007186710307,04-05
2024-05-05,18.36183336129555,11.074923402582968,15.108130932406446,05-05
2024-05-06,17.90145019834136,14.840328208824738,14.2901787696731,06-05
2024-05-07,14.767703963099702,14.355015231537687,14.074648515143451,07-05
2024-05-08,19.953534128365497,12.390366021549097,10.066667411575818,08-05
2024-05-09,16.884476757642403,12.820293341840149,13.306031794238447,09-05
2024-05-10,17.218907747783582,13.620175675279672,14.378131493545835,10-05
2024-05-11,18.006947138294283,12.762225358319967,16.374010585202697,11-05
2024-05-12,20.575885176047596,16.18237224899517,18.077566525494685,12-05
2024-05-13,17.817307004233374,13.177577283525121,20.18912403754141,13-05
2024-05-14,22.9876322999575,8.652037101828872,17.47443994251345,14-05
2024-05-15,23.2519770131509,19.69491192947967,18.40209650074471,15-05
2024-05-16,24.093877632401128,18.336089695380803,22.96495560836736,16-05
2024-05-17,24.70451503121537,14.335194414932875,20.7869045634961,17-05
2024-05-18,20.54610323022878,18.222883983952965,17.312279134603656,18-05
2024-05-19,21.59461733266029,15.385192620150304,16.96653643376058,19-05
2024-05-20,22.78189267240203,16.536358021600332,20.331537386783197,20-05
2024-05-21,20.252597227732036,12.40156757027895,17.42755121664026,21-05
2024-05-22,16.993696703326272,16.40623415721229,18.704282077492753,22-05
2024-05-23,22.341351326581684,13.06913511283855,16.150388768443847,23-05
2024-05-24,16.425784672593533,13.068320288537027,15.219619512305023,24-05
2024-05-25,20.399762813835803,19.263558725420143,20.454304054583982,25-05
2024-05-26,21.175175523369173,15.373487033843007,17.05800129549565,26-05
2024-05-27,21.50034174862232,20.053312782592783,23.5363166849654,27-05
2024-05-28,21.851993263467843,14.1879106891988,21.112568934121498,28-05
2024-05-29,23.2511418293334,18.690658380406834,23.440139711289266,29-05
2024-05-30,28.629098238735907,17.500999444256852,19.052476769334863,30-05
2024-05-31,24.978637590056994,17.8319361993346,20.244364275925218,31-05
2024-06-01,19.711639137597984,14.305632020380111,21.490425465509674,01-06
2024-06-02,21.386177070899713,15.599447638179488,23.71745816066463,02-06
2024-06-03,21.245433938716634,14.963935478770942,21.321910302001132,03-06
2024-06-04,24.88262692927345,17.490762355271066,22.50347065860169,04-06
2024-06-05,24.78440838277627,18.203714923976563,18.095053820419405,05-06
2024-06-06,24.711386223785,18.36524956524809,24.67905428456349,06-06
2024-06-07,25.996372450050707,20.9321333008173,25.04583995443734,07-06
2024-06-08,27.031445421738724,16.302169477454544,23.897396404526834,08-06
2024-06-09,29.560265503267743,14.074744474686812,22.47483489017835,09-06
2024-06-10,25.898702779695178,22.574765835325955,26.43260276655073,10-06
2024-06-11,23.713295387691172,20.646462731525954,22.620847287860283,11-06
2024-06-12,25.237218754570474,18.569040302911162,21.38967469017853,12-06
2024-06-13,26.1373413946467,19.45018104117783,20.98255828498145,13-06
2024-06-14,23.96241242693239,20.360420839003872,20.820418823775455,14-06
2024-06-15,26.32613538987714,23.13679447979779,24.100043330364837,15-06
2024-06-16,28.79193753903924,19.53024494525265,20.51685052573147,16-06
2024-06-17,28.72606266515111,18.48166021235836,22.049272242403376,17-06
2024-06-18,23.905319486796156,21.464556658527904,24.024687132023086,18-06
2024-06-19,27.244176269754774,20.210652403452205,21.187550356153125,19-06
2024-06-20,23.431924501733953,21.357180634421276,22.183447566328294,20-06
2024-06-21,29.17069923943859,20.80136066305257,20.75179229457231,21-06
2024-06-22,28.344210428813824,18.255857401576247,26.910119460304863,22-06
2024-06-23,28.98164811037113,22.16416979675322,25.297078852832076,23-06
2024-06-24,27.61128792761237,21.39157110296222,22.606189463830784,24-06
2024-06-25,28.12942180132404,26.28093699323307,24.170307596627808,25-06
2024-06-26,30.124452491528814,24.281769942101626,24.744663581750803,26-06
2024-06-27,24.705286996927082,21.191184243692515,25.650756378528044,27-06
2024-06-28,28.118038372693132,22.158867224076637,22.145763311484885,28-06
2024-06-29,27.665880380526954,22.830661908750635,24.33421232942816,29-06
2024-06-30,30.156256184006725,19.96785149864969,22.72324130855197,30-06
2024-07-01,28.11897646660723,20.58798717551567,29.432205666205995,01-07
2024-07-02,29.024097712075136,21.27021827522712,26.492386141489472,02-07
2024-07-03,30.377473838117076,22.539007423474832,25.53008327941276,03-07
2024-07-04,28.49059981336524,19.80445456892877,28.930296939572752,04-07
2024-07-05,29.390120582466505,23.00597248412956,26.42861359950787,05-07
2024-07-06,30.672330675786213,22.50196435998027,25.1247373154049,06-07
2024-07-07,32.19843845601451,23.20985347048845,22.740604699117814,07-07
2024-07-08,27.92734701006181,24.7811819737823,28.00666219742269,08-07
2024-07-09,26.250523296530016,22.230041265203827,25.960053938894287,09-07
2024-07-10,26.364763223485824,21.379454232287948,25.016761326771032,10-07
2024-07-11,29.93157611581281,20.70477892149256,25.391952713946605,11-07
2024-07-12,29.045750617837324,17.174312775030753,26.87220395785021,12-07
2024-07-13,23.376990463163278,22.901760843293047,23.546317897336586,13-07
2024-07-14,26.72140502683972,22.88184232873416,26.098235535383985,14-07
2024-07-15,25.22478815269136,20.715998808773634,23.329521373469674,15-07
2024-07-16,28.548264007585523,18.925120914389534,20.72734657934315,16-07
2024-07-17,29.590867987631935,26.781767227001566,27.525928223580763,17-07
2024-07-18,29.271094096805943,22.311540577821244,25.91125340214027,18-07
2024-07-19,29.694740223310017,21.8358567700528,28.219250835054616,19-07
2024-07-20,30.61438615153567,26.18317281707889,25.498916792994187,20-07
2024-07-21,32.31141022463002,24.502992301397793,25.922814419352022,21-07
2024-07-22,30.673064429165443,23.112972094908315,25.713576607337625,22-07
2024-07-23,34.01492936734982,22.640431395109186,27.931273583055166,23-07
2024-07-24,26.181800716802325,22.925954660562997,25.116573521447794,24-07
2024-07-25,28.412166387420815,27.700401766804227,28.035535420979713,25-07
2024-07-26,29.174111973636656,23.732719624692475,25.13710301475356,26-07
2024-07-27,30.902549540732686,20.72689123591269,23.942159067922805,27-07
2024-07-28,31.344973919801387,21.249693094993077,28.5411647020214,28-07
2024-07-29,30.04386261466408,22.10340980539916,24.251836106853364,29-07
2024-07-30,28.998189243798745,22.965950507719054,28.031102444944683,30-07
2024-07-31,32.626154517834074,24.613512376640514,27.3215121919703,31-07
2024-08-01,31.369178546834924,23.019306238527147,28.240220832731257,01-08
2024-08-02,32.58941408884179,25.922844286231317,25.340626827480314,02-08
2024-08-03,30.784681502937477,20.938482533400055,28.890743038601048,03-08
2024-08-04,27.637578023537074,22.870037852609354,29.694907425244764,04-08
2024-08-05,29.781891095851947,23.724041655867005,30.6113175239923,05-08
2024-08-06,30.90825779736331,18.46121955020382,26.539816917570004,06-08
2024-08-07,32.461926854915085,25.276984012751033,28.038264117069858,07-08
2024-08-08,34.01068696099368,20.34434122641807,26.348186163305954,08-08
2024-08-09,26.109553229144034,23.368550781208942,26.804874481379553,09-08
2024-08-10,29.73129651341578,25.07567344858639,24.328342152243646,10-08
2024-08-11,29.14908248581459,21.351785425113885,24.413935460735242,11-08
2024-08-12,31.253926008581942,21.284095538478994,25.20520303939801,12-08
2024-08-13,27.948005392327435,24.258343397603827,30.86267964965063,13-08
2024-08-14,28.94333301486443,23.11392912176236,27.319637496956776,14-08
2024-08-15,25.93017887695586,25.145735588090062,24.683306236655515,15-08
2024-08-16,29.74110606157928,19.230018969770256,24.468374328008725,16-08
2024-08-17,30.610892041574044,21.3982377990539,26.411879503245025,17-08
2024-08-18,29.798130424357886,25.01721430158313,28.261205184182035,18-08
2024-08-19,30.002556067595087,23.176243272469556,25.347284594648414,19-08
2024-08-20,31.43645590118823,20.621923586330205,24.78107631094153,20-08
2024-08-21,26.92358285843123,23.88207417471763,25.829685522281057,21-08
2024-08-22,32.91248372887003,22.718693506164204,22.356678510588267,22-08
2024-08-23,29.84750221870478,25.406008526608616,29.274973063549886,23-08
2024-08-24,27.607796225655772,24.205118596430907,26.988683282465185,24-08
2024-08-25,29.006591126129024,22.76236706459137,23.316291394603745,25-08
2024-08-26,30.12144418152879,23.09218911246708,26.64619928164712,26-08
2024-08-27,33.695111154686764,22.736982722714128,27.577275553880273,27-08
2024-08-28,28.86568788257923,25.2111215913219,29.63507725034802,28-08
2024-08-29,31.775825826413126,26.41037483472278,28.173527888860736,29-08
2024-08-30,29.826201794333162,25.201472618656624,26.386812642587504,30-08
2024-08-31,27.653110461943772,23.444995442812008,26.927494690067217,31-08
2024-09-01,29.741977416662,24.35022881528512,27.49439021216104,01-09
2024-09-02,28.28236739095217,18.900513042192326,24.68174742643691,02-09
2024-09-03,26.661451345145046,22.043619040931503,24.65026784304903,03-09
2024-09-04,28.879874923224882,22.481814282426402,23.52815013558606,04-09
2024-09-05,24.214006395358567,21.275825301224693,18.28519534483021,05-09
2024-09-06,25.123461319916267,21.57931581857763,24.7348047490925,06-09
2024-09-07,27.511605898219408,20.649786697853596,21.96912575387938,07-09
2024-09-08,25.010171072948197,19.82788140389226,22.710560697537495,08-09
2024-09-09,27.326388380819846,20.792548190360773,22.21523130336892,09-09
2024-09-10,29.434136635655314,20.273284489895392,23.132932051207376,10-09
2024-09-11,27.773070479817115,19.911240334636638,25.84511614283288,11-09
2024-09-12,27.054888930106856,16.777763273810145,24.34537273677264,12-09
2024-09-13,26.60303114738301,21.013429261734238,22.51749027300304,13-09
2024-09-14,27.18258021810575,17.16426059811559,22.74447000541602,14-09
2024-09-15,27.796386015171425,19.884459606471967,23.51065341446098,15-09
2024-09-16,28.934728380543454,19.41279070146023,23.84165539684579,16-09
2024-09-17,28.018223965355325,18.699581862489744,24.11210407243948,17-09
2024-09-18,27.287496347987435,20.697403367914294,25.0760743674578,18-09
2024-09-19,22.274158429061,18.613701855195885,22.362906522619276,19-09
2024-09-20,25.36042615211637,20.701451076058444,18.321946750742086,20-09
2024-09-21,24.86027681225468,17.841341297825213,19.25341850166937,21-09
2024-09-22,19.941006188285638,13.894513042784192,19.06674018180268,22-09
2024-09-23,21.89320026950284,13.491103451154437,17.512450328397367,23-09
2024-09-24,24.049694359759215,13.64857839094095,20.171942082099623,24-09
2024-09-25,22.975619844891373,15.624044400751808,21.675845739715992,25-09
2024-09-26,27.191887720694602,15.098179564443122,22.920065247282782,26-09
